ParseJobGroups:  O3 > Job Groups  url: https://openqa.opensuse.org
ParseBuilds:  O3 > Job Groups >  > openSUSE Tumbleweed  url: https://openqa.opensuse.org/group_overview/1
ParseJobs:  O3 > Job Groups >  > openSUSE Tumbleweed > Build20250302  url: https://openqa.opensuse.org/tests/overview?distri=microos&distri=opensuse&version=Tumbleweed&build=20250302&groupid=1
Parsed job: https://openqa.opensuse.org/tests/4895053 | with path: O3 > Job Groups >  > openSUSE Tumbleweed > Build20250302 > container_host@64bit-2G > x86_64
Machine:  64bit-2G
YAML_SCHEDULE:  
Schedule:  
Failed Modules: 
-----------------------------------
Parsed job: https://openqa.opensuse.org/tests/4895054 | with path: O3 > Job Groups >  > openSUSE Tumbleweed > Build20250302 > fips-container_host@64bit-2G > x86_64
Machine:  64bit-2G
YAML_SCHEDULE:  
Schedule:  
Failed Modules: 
-----------------------------------
Parsed job: https://openqa.opensuse.org/tests/4895046 | with path: O3 > Job Groups >  > openSUSE Tumbleweed > Build20250302 > microos > x86_64
Machine:  64bit
YAML_SCHEDULE:  
Schedule:  
Failed Modules: 
-----------------------------------
Parsed job: https://openqa.opensuse.org/tests/4895047 | with path: O3 > Job Groups >  > openSUSE Tumbleweed > Build20250302 > microos@uefi > x86_64
Machine:  uefi
YAML_SCHEDULE:  
Schedule:  
Failed Modules: 
-----------------------------------
Parsed job: https://openqa.opensuse.org/tests/4895055 | with path: O3 > Job Groups >  > openSUSE Tumbleweed > Build20250302 > microos-sdboot@uefi-2G > x86_64
Machine:  uefi-2G
YAML_SCHEDULE:  
Schedule:  
Failed Modules: 
-----------------------------------
Parsed job: https://openqa.opensuse.org/tests/4895048 | with path: O3 > Job Groups >  > openSUSE Tumbleweed > Build20250302 > microos_10G-disk > x86_64
Machine:  64bit
YAML_SCHEDULE:  
Schedule:  
Failed Modules: 
-----------------------------------
Parsed job: https://openqa.opensuse.org/tests/4895049 | with path: O3 > Job Groups >  > openSUSE Tumbleweed > Build20250302 > microos_textmode > x86_64
Machine:  64bit
YAML_SCHEDULE:  
Schedule:  
Failed Modules: 
-----------------------------------
Parsed job: https://openqa.opensuse.org/tests/4895050 | with path: O3 > Job Groups >  > openSUSE Tumbleweed > Build20250302 > rcshell > x86_64
Machine:  64bit
YAML_SCHEDULE:  
Schedule:  
Failed Modules: 
-----------------------------------
Parsed job: https://openqa.opensuse.org/tests/4895052 | with path: O3 > Job Groups >  > openSUSE Tumbleweed > Build20250302 > remote_ssh_target > x86_64
Machine:  64bit
YAML_SCHEDULE:  
Schedule:  
Failed Modules: 
-----------------------------------
Parsed job: https://openqa.opensuse.org/tests/4895057 | with path: O3 > Job Groups >  > openSUSE Tumbleweed > Build20250302 > microos > x86_64
Machine:  64bit
YAML_SCHEDULE:  
Schedule:  
Failed Modules: 
-----------------------------------
Parsed job: https://openqa.opensuse.org/tests/4895060 | with path: O3 > Job Groups >  > openSUSE Tumbleweed > Build20250302 > microos-combustion > x86_64
Machine:  64bit
YAML_SCHEDULE:  
Schedule:  
Failed Modules: 
-----------------------------------
Parsed job: https://openqa.opensuse.org/tests/4895061 | with path: O3 > Job Groups >  > openSUSE Tumbleweed > Build20250302 > microos-ignition > x86_64
Machine:  64bit
YAML_SCHEDULE:  
Schedule:  
Failed Modules: 
-----------------------------------
Parsed job: https://openqa.opensuse.org/tests/4895066 | with path: O3 > Job Groups >  > openSUSE Tumbleweed > Build20250302 > microos-old2microosnext > x86_64
Machine:  64bit
YAML_SCHEDULE:  
Schedule:  
Failed Modules: 
-----------------------------------
Parsed job: https://openqa.opensuse.org/tests/4895062 | with path: O3 > Job Groups >  > openSUSE Tumbleweed > Build20250302 > microos-wizard > x86_64
Machine:  64bit
YAML_SCHEDULE:  
Schedule:  
Failed Modules: 
-----------------------------------
Parsed job: https://openqa.opensuse.org/tests/4895063 | with path: O3 > Job Groups >  > openSUSE Tumbleweed > Build20250302 > microos2microosnext > x86_64
Machine:  64bit
YAML_SCHEDULE:  
Schedule:  
Failed Modules: 
-----------------------------------
Parsed job: https://openqa.opensuse.org/tests/4895065 | with path: O3 > Job Groups >  > openSUSE Tumbleweed > Build20250302 > microos_bonding_ping > x86_64
Machine:  64bit
YAML_SCHEDULE:  schedule/functional/extra_tests_network_bonding.yaml
Schedule:  
Failed Modules: 
-----------------------------------
Parsed job: https://openqa.opensuse.org/tests/4895064 | with path: O3 > Job Groups >  > openSUSE Tumbleweed > Build20250302 > microos_bonding_target > x86_64
Machine:  64bit
YAML_SCHEDULE:  schedule/functional/extra_tests_network_bonding.yaml
Schedule:  
Failed Modules: 
-----------------------------------
Parsed job: https://openqa.opensuse.org/tests/4895059 | with path: O3 > Job Groups >  > openSUSE Tumbleweed > Build20250302 > microos_fips > x86_64
Machine:  64bit
YAML_SCHEDULE:  
Schedule:  
Failed Modules: 
-----------------------------------
Parsed job: https://openqa.opensuse.org/tests/4895058 | with path: O3 > Job Groups >  > openSUSE Tumbleweed > Build20250302 > microos_networkmanager > x86_64
Machine:  64bit
YAML_SCHEDULE:  schedule/microos/networkmanager.yaml
Schedule:  
Failed Modules: 
-----------------------------------
Parsed job: https://openqa.opensuse.org/tests/4895067 | with path: O3 > Job Groups >  > openSUSE Tumbleweed > Build20250302 > microos_qemu > x86_64
Machine:  64bit
YAML_SCHEDULE:  
Schedule:  
Failed Modules: 
-----------------------------------
Parsed job: https://openqa.opensuse.org/tests/4895075 | with path: O3 > Job Groups >  > openSUSE Tumbleweed > Build20250302 > container_host > x86_64
Machine:  64bit
YAML_SCHEDULE:  
Schedule:  
Failed Modules: 
-----------------------------------
Parsed job: https://openqa.opensuse.org/tests/4895076 | with path: O3 > Job Groups >  > openSUSE Tumbleweed > Build20250302 > container_host-old2microosnext > x86_64
Machine:  64bit
YAML_SCHEDULE:  
Schedule:  
Failed Modules: 
-----------------------------------
Parsed job: https://openqa.opensuse.org/tests/4895077 | with path: O3 > Job Groups >  > openSUSE Tumbleweed > Build20250302 > container_host2microosnext > x86_64
Machine:  64bit
YAML_SCHEDULE:  
Schedule:  
Failed Modules: 
-----------------------------------
Parsed job: https://openqa.opensuse.org/tests/4895078 | with path: O3 > Job Groups >  > openSUSE Tumbleweed > Build20250302 > fips-container_host > x86_64
Machine:  64bit
YAML_SCHEDULE:  
Schedule:  
Failed Modules: 
-----------------------------------
Parsed job: https://openqa.opensuse.org/tests/4895073 | with path: O3 > Job Groups >  > openSUSE Tumbleweed > Build20250302 > microos-wizard@uefi > x86_64
Machine:  uefi
YAML_SCHEDULE:  
Schedule:  
Failed Modules: 
-----------------------------------
Parsed job: https://openqa.opensuse.org/tests/4895072 | with path: O3 > Job Groups >  > openSUSE Tumbleweed > Build20250302 > microos-combustion@uefi > x86_64
Machine:  uefi
YAML_SCHEDULE:  
Schedule:  
Failed Modules: 
-----------------------------------
Parsed job: https://openqa.opensuse.org/tests/4895070 | with path: O3 > Job Groups >  > openSUSE Tumbleweed > Build20250302 > microos-combustion-fde@uefi > x86_64
Machine:  uefi
YAML_SCHEDULE:  
Schedule:  
Failed Modules: 
-----------------------------------
Parsed job: https://openqa.opensuse.org/tests/4895074 | with path: O3 > Job Groups >  > openSUSE Tumbleweed > Build20250302 > microos-wizard@uefi > x86_64
Machine:  uefi
YAML_SCHEDULE:  
Schedule:  
Failed Modules: 
-----------------------------------
Parsed job: https://openqa.opensuse.org/tests/4895069 | with path: O3 > Job Groups >  > openSUSE Tumbleweed > Build20250302 > microos-wizard-tpm@uefi > x86_64
Machine:  uefi
YAML_SCHEDULE:  
Schedule:  
Failed Modules: 
-----------------------------------
Parsed job: https://openqa.opensuse.org/tests/4895079 | with path: O3 > Job Groups >  > openSUSE Tumbleweed > Build20250302 > microos > x86_64
Machine:  64bit
YAML_SCHEDULE:  
Schedule:  
Failed Modules: 
-----------------------------------
Parsed job: https://openqa.opensuse.org/tests/4894854 | with path: O3 > Job Groups >  > openSUSE Tumbleweed > Build20250302 > bci_389-ds_3.1_podman > x86_64
Machine:  64bit
YAML_SCHEDULE:  
Schedule:  
Failed Modules: 
-----------------------------------
Parsed job: https://openqa.opensuse.org/tests/4894768 | with path: O3 > Job Groups >  > openSUSE Tumbleweed > Build20250302 > bci_alertmanager_podman > x86_64
Machine:  64bit
YAML_SCHEDULE:  
Schedule:  
Failed Modules: 
-----------------------------------
Parsed job: https://openqa.opensuse.org/tests/4894855 | with path: O3 > Job Groups >  > openSUSE Tumbleweed > Build20250302 > bci_blackbox_exporter_0.24_podman > x86_64
Machine:  64bit
YAML_SCHEDULE:  
Schedule:  
Failed Modules: 
-----------------------------------
Parsed job: https://openqa.opensuse.org/tests/4894845 | with path: O3 > Job Groups >  > openSUSE Tumbleweed > Build20250302 > bci_busybox_podman > x86_64
Machine:  64bit
YAML_SCHEDULE:  
Schedule:  
Failed Modules: 
-----------------------------------
Parsed job: https://openqa.opensuse.org/tests/4894856 | with path: O3 > Job Groups >  > openSUSE Tumbleweed > Build20250302 > bci_gcc_13_podman > x86_64
Machine:  64bit
YAML_SCHEDULE:  
Schedule:  
Failed Modules: 
-----------------------------------
Parsed job: https://openqa.opensuse.org/tests/4894857 | with path: O3 > Job Groups >  > openSUSE Tumbleweed > Build20250302 > bci_gcc_14_podman > x86_64
Machine:  64bit
YAML_SCHEDULE:  
Schedule:  
Failed Modules: 
-----------------------------------
Parsed job: https://openqa.opensuse.org/tests/4894858 | with path: O3 > Job Groups >  > openSUSE Tumbleweed > Build20250302 > bci_git_podman > x86_64
Machine:  64bit
YAML_SCHEDULE:  
Schedule:  
Failed Modules: 
-----------------------------------
Parsed job: https://openqa.opensuse.org/tests/4894859 | with path: O3 > Job Groups >  > openSUSE Tumbleweed > Build20250302 > bci_golang_oldstable_podman > x86_64
Machine:  64bit
YAML_SCHEDULE:  
Schedule:  
Failed Modules: 
-----------------------------------
Parsed job: https://openqa.opensuse.org/tests/4894846 | with path: O3 > Job Groups >  > openSUSE Tumbleweed > Build20250302 > bci_golang_podman > x86_64
Machine:  64bit
YAML_SCHEDULE:  
Schedule:  
Failed Modules: 
-----------------------------------
Parsed job: https://openqa.opensuse.org/tests/4894886 | with path: O3 > Job Groups >  > openSUSE Tumbleweed > Build20250302 > bci_grafana_11_podman > x86_64
Machine:  64bit
YAML_SCHEDULE:  
Schedule:  
Failed Modules: 
-----------------------------------
Parsed job: https://openqa.opensuse.org/tests/4894860 | with path: O3 > Job Groups >  > openSUSE Tumbleweed > Build20250302 > bci_helm_latest_podman > x86_64
Machine:  64bit
YAML_SCHEDULE:  
Schedule:  
Failed Modules: 
-----------------------------------
Parsed job: https://openqa.opensuse.org/tests/4894847 | with path: O3 > Job Groups >  > openSUSE Tumbleweed > Build20250302 > bci_init_podman > x86_64
Machine:  64bit
YAML_SCHEDULE:  
Schedule:  
Failed Modules: 
-----------------------------------
Parsed job: https://openqa.opensuse.org/tests/4894861 | with path: O3 > Job Groups >  > openSUSE Tumbleweed > Build20250302 > bci_kiwi_podman > x86_64
Machine:  64bit
YAML_SCHEDULE:  
Schedule:  
Failed Modules: 
-----------------------------------
Parsed job: https://openqa.opensuse.org/tests/4894862 | with path: O3 > Job Groups >  > openSUSE Tumbleweed > Build20250302 > bci_mariadb-client_podman > x86_64
Machine:  64bit
YAML_SCHEDULE:  
Schedule:  
Failed Modules: 
-----------------------------------
Parsed job: https://openqa.opensuse.org/tests/4894848 | with path: O3 > Job Groups >  > openSUSE Tumbleweed > Build20250302 > bci_micro_podman > x86_64
Machine:  64bit
YAML_SCHEDULE:  
Schedule:  
Failed Modules: 
-----------------------------------
Parsed job: https://openqa.opensuse.org/tests/4894849 | with path: O3 > Job Groups >  > openSUSE Tumbleweed > Build20250302 > bci_minimal_podman > x86_64
Machine:  64bit
YAML_SCHEDULE:  
Schedule:  
Failed Modules: 
-----------------------------------
Parsed job: https://openqa.opensuse.org/tests/4894863 | with path: O3 > Job Groups >  > openSUSE Tumbleweed > Build20250302 > bci_nginx_podman > x86_64
Machine:  64bit
YAML_SCHEDULE:  
Schedule:  
Failed Modules: 
-----------------------------------
Parsed job: https://openqa.opensuse.org/tests/4894864 | with path: O3 > Job Groups >  > openSUSE Tumbleweed > Build20250302 > bci_nodejs_22_podman > x86_64
Machine:  64bit
YAML_SCHEDULE:  
Schedule:  
Failed Modules: 
-----------------------------------
Parsed job: https://openqa.opensuse.org/tests/4894865 | with path: O3 > Job Groups >  > openSUSE Tumbleweed > Build20250302 > bci_openjdk_11_podman > x86_64
Machine:  64bit
YAML_SCHEDULE:  
Schedule:  
Failed Modules: 
-----------------------------------
Parsed job: https://openqa.opensuse.org/tests/4894866 | with path: O3 > Job Groups >  > openSUSE Tumbleweed > Build20250302 > bci_openjdk_21_podman > x86_64
Machine:  64bit
YAML_SCHEDULE:  
Schedule:  
Failed Modules: 
-----------------------------------
Parsed job: https://openqa.opensuse.org/tests/4894867 | with path: O3 > Job Groups >  > openSUSE Tumbleweed > Build20250302 > bci_pcp_podman > x86_64
Machine:  64bit
YAML_SCHEDULE:  
Schedule:  
Failed Modules: 
-----------------------------------
Parsed job: https://openqa.opensuse.org/tests/4894868 | with path: O3 > Job Groups >  > openSUSE Tumbleweed > Build20250302 > bci_postgres_14_podman > x86_64
Machine:  64bit
YAML_SCHEDULE:  
Schedule:  
Failed Modules: 
-----------------------------------
Parsed job: https://openqa.opensuse.org/tests/4894869 | with path: O3 > Job Groups >  > openSUSE Tumbleweed > Build20250302 > bci_postgres_15_podman > x86_64
Machine:  64bit
YAML_SCHEDULE:  
Schedule:  
Failed Modules: 
-----------------------------------
Parsed job: https://openqa.opensuse.org/tests/4894870 | with path: O3 > Job Groups >  > openSUSE Tumbleweed > Build20250302 > bci_postgres_16_podman > x86_64
Machine:  64bit
YAML_SCHEDULE:  
Schedule:  
Failed Modules: 
-----------------------------------
Parsed job: https://openqa.opensuse.org/tests/4894895 | with path: O3 > Job Groups >  > openSUSE Tumbleweed > Build20250302 > bci_prometheus_3_podman > x86_64
Machine:  64bit
YAML_SCHEDULE:  
Schedule:  
Failed Modules: 
-----------------------------------
Parsed job: https://openqa.opensuse.org/tests/4894871 | with path: O3 > Job Groups >  > openSUSE Tumbleweed > Build20250302 > bci_python_3.11_podman > x86_64
Machine:  64bit
YAML_SCHEDULE:  
Schedule:  
Failed Modules: 
-----------------------------------
Parsed job: https://openqa.opensuse.org/tests/4894872 | with path: O3 > Job Groups >  > openSUSE Tumbleweed > Build20250302 > bci_python_3.12_podman > x86_64
Machine:  64bit
YAML_SCHEDULE:  
Schedule:  
Failed Modules: 
-----------------------------------
Parsed job: https://openqa.opensuse.org/tests/4894873 | with path: O3 > Job Groups >  > openSUSE Tumbleweed > Build20250302 > bci_registry_podman > x86_64
Machine:  64bit
YAML_SCHEDULE:  
Schedule:  
Failed Modules: 
-----------------------------------
Parsed job: https://openqa.opensuse.org/tests/4894850 | with path: O3 > Job Groups >  > openSUSE Tumbleweed > Build20250302 > bci_ruby_podman > x86_64
Machine:  64bit
YAML_SCHEDULE:  
Schedule:  
Failed Modules: 
-----------------------------------
Parsed job: https://openqa.opensuse.org/tests/4894874 | with path: O3 > Job Groups >  > openSUSE Tumbleweed > Build20250302 > bci_rust_oldstable_podman > x86_64
Machine:  64bit
YAML_SCHEDULE:  
Schedule:  
Failed Modules: 
-----------------------------------
Parsed job: https://openqa.opensuse.org/tests/4894851 | with path: O3 > Job Groups >  > openSUSE Tumbleweed > Build20250302 > bci_rust_podman > x86_64
Machine:  64bit
YAML_SCHEDULE:  
Schedule:  
Failed Modules: 
-----------------------------------
Parsed job: https://openqa.opensuse.org/tests/4894875 | with path: O3 > Job Groups >  > openSUSE Tumbleweed > Build20250302 > bci_spack_podman > x86_64
Machine:  64bit
YAML_SCHEDULE:  
Schedule:  
Failed Modules: 
-----------------------------------
Parsed job: https://openqa.opensuse.org/tests/4894876 | with path: O3 > Job Groups >  > openSUSE Tumbleweed > Build20250302 > bci_tomcat_10_podman > x86_64
Machine:  64bit
YAML_SCHEDULE:  
Schedule:  
Failed Modules: 
-----------------------------------
Parsed job: https://openqa.opensuse.org/tests/4894877 | with path: O3 > Job Groups >  > openSUSE Tumbleweed > Build20250302 > bci_tomcat_9_podman > x86_64
Machine:  64bit
YAML_SCHEDULE:  
Schedule:  
Failed Modules: 
-----------------------------------
Parsed job: https://openqa.opensuse.org/tests/4894700 | with path: O3 > Job Groups >  > openSUSE Tumbleweed > Build20250302 > RAID0_gpt > x86_64
Machine:  64bit
YAML_SCHEDULE:  schedule/yast/opensuse/raid/raid0_gpt.yaml
Schedule:  
Failed Modules: 
-----------------------------------
Parsed job: https://openqa.opensuse.org/tests/4894734 | with path: O3 > Job Groups >  > openSUSE Tumbleweed > Build20250302 > RAID5_gpt > x86_64
Machine:  64bit
YAML_SCHEDULE:  schedule/yast/opensuse/raid/raid5_gpt.yaml
Schedule:  
Failed Modules: 
-----------------------------------
Parsed job: https://openqa.opensuse.org/tests/4894955 | with path: O3 > Job Groups >  > openSUSE Tumbleweed > Build20250302 > apparmor > x86_64
Machine:  64bit
YAML_SCHEDULE:  schedule/security/apparmor.yaml
Schedule:  
Failed Modules: 
-----------------------------------
Parsed job: https://openqa.opensuse.org/tests/4894767 | with path: O3 > Job Groups >  > openSUSE Tumbleweed > Build20250302 > apparmor_profile > x86_64
Machine:  64bit
YAML_SCHEDULE:  schedule/security/apparmor_profile.yaml
Schedule:  
Failed Modules: 
-----------------------------------
Parsed job: https://openqa.opensuse.org/tests/4894982 | with path: O3 > Job Groups >  > openSUSE Tumbleweed > Build20250302 > autofs_client > x86_64
Machine:  64bit
YAML_SCHEDULE:  schedule/functional/autofs.yaml
Schedule:  
Failed Modules: 
-----------------------------------
Parsed job: https://openqa.opensuse.org/tests/4894778 | with path: O3 > Job Groups >  > openSUSE Tumbleweed > Build20250302 > autofs_server > x86_64
Machine:  64bit
YAML_SCHEDULE:  schedule/functional/autofs.yaml
Schedule:  
Failed Modules: 
-----------------------------------
Parsed job: https://openqa.opensuse.org/tests/4894718 | with path: O3 > Job Groups >  > openSUSE Tumbleweed > Build20250302 > autoyast_btrfs_quota > x86_64
Machine:  64bit
YAML_SCHEDULE:  schedule/yast/opensuse/autoyast/autoyast_btrfs_quota.yaml
Schedule:  
Failed Modules: 
-----------------------------------
Parsed job: https://openqa.opensuse.org/tests/4894802 | with path: O3 > Job Groups >  > openSUSE Tumbleweed > Build20250302 > autoyast_create_hdd_gnome_uefi@uefi > x86_64
Machine:  uefi
YAML_SCHEDULE:  schedule/security/create_hdd_autoyast/create_hdd_x86_64_uefi.yaml
Schedule:  
Failed Modules: 
-----------------------------------
Parsed job: https://openqa.opensuse.org/tests/4894803 | with path: O3 > Job Groups >  > openSUSE Tumbleweed > Build20250302 > autoyast_create_hdd_textmode_uefi@uefi > x86_64
Machine:  uefi
YAML_SCHEDULE:  schedule/security/create_hdd_autoyast/create_hdd_x86_64_uefi.yaml
Schedule:  
Failed Modules: 
-----------------------------------
Parsed job: https://openqa.opensuse.org/tests/4894656 | with path: O3 > Job Groups >  > openSUSE Tumbleweed > Build20250302 > autoyast_gnome > x86_64
Machine:  64bit
YAML_SCHEDULE:  
Schedule:  
Failed Modules: 
-----------------------------------
Parsed job: https://openqa.opensuse.org/tests/4894615 | with path: O3 > Job Groups >  > openSUSE Tumbleweed > Build20250302 > autoyast_minimal > x86_64
Machine:  64bit
YAML_SCHEDULE:  
Schedule:  
Failed Modules: 
-----------------------------------
Parsed job: https://openqa.opensuse.org/tests/4894737 | with path: O3 > Job Groups >  > openSUSE Tumbleweed > Build20250302 > autoyast_multi_btrfs > x86_64
Machine:  64bit
YAML_SCHEDULE:  schedule/yast/opensuse/autoyast/autoyast_multi_btrfs.yaml
Schedule:  
Failed Modules: 
-----------------------------------
Parsed job: https://openqa.opensuse.org/tests/4894666 | with path: O3 > Job Groups >  > openSUSE Tumbleweed > Build20250302 > autoyast_reinstall_gnome > x86_64
Machine:  64bit
YAML_SCHEDULE:  schedule/yast/opensuse/autoyast/autoyast_reinstall.yaml
Schedule:  
Failed Modules: 
-----------------------------------
Parsed job: https://openqa.opensuse.org/tests/4894633 | with path: O3 > Job Groups >  > openSUSE Tumbleweed > Build20250302 > autoyast_rules_and_classes > x86_64
Machine:  64bit
YAML_SCHEDULE:  schedule/yast/opensuse/autoyast/autoyast_rules_and_classes.yaml
Schedule:  
Failed Modules: 
-----------------------------------
Parsed job: https://openqa.opensuse.org/tests/4894715 | with path: O3 > Job Groups >  > openSUSE Tumbleweed > Build20250302 > autoyast_y2_firstboot > x86_64
Machine:  64bit
YAML_SCHEDULE:  schedule/yast/opensuse/firstboot/autoyast_y2_firstboot.yaml
Schedule:  
Failed Modules: 
-----------------------------------
Parsed job: https://openqa.opensuse.org/tests/4894701 | with path: O3 > Job Groups >  > openSUSE Tumbleweed > Build20250302 > boot_linuxrc > x86_64
Machine:  64bit
YAML_SCHEDULE:  schedule/yast/opensuse/boot_linuxrc.yaml
Schedule:  
Failed Modules: 
-----------------------------------
Parsed job: https://openqa.opensuse.org/tests/4894624 | with path: O3 > Job Groups >  > openSUSE Tumbleweed > Build20250302 > boot_to_snapshot > x86_64
Machine:  64bit
YAML_SCHEDULE:  schedule/boot_to_snapshot.yaml
Schedule:  
Failed Modules: 
-----------------------------------
Parsed job: https://openqa.opensuse.org/tests/4894657 | with path: O3 > Job Groups >  > openSUSE Tumbleweed > Build20250302 > btrfs+warnings > x86_64
Machine:  64bit
YAML_SCHEDULE:  schedule/yast/opensuse/btrfs/btrfs+warnings.yaml
Schedule:  
Failed Modules: 
-----------------------------------
Parsed job: https://openqa.opensuse.org/tests/4894663 | with path: O3 > Job Groups >  > openSUSE Tumbleweed > Build20250302 > clone_system > x86_64
Machine:  64bit
YAML_SCHEDULE:  schedule/yast/opensuse/clone_system/clone_system.yaml
Schedule:  
Failed Modules: 
-----------------------------------
Parsed job: https://openqa.opensuse.org/tests/4894880 | with path: O3 > Job Groups >  > openSUSE Tumbleweed > Build20250302 > container_host_bats_testsuite > x86_64
Machine:  64bit
YAML_SCHEDULE:  
Schedule:  
Failed Modules: 
-----------------------------------
Parsed job: https://openqa.opensuse.org/tests/4894881 | with path: O3 > Job Groups >  > openSUSE Tumbleweed > Build20250302 > container_host_buildah_testsuite > x86_64
Machine:  64bit
YAML_SCHEDULE:  
Schedule:  
Failed Modules: 
-----------------------------------
Parsed job: https://openqa.opensuse.org/tests/4894882 | with path: O3 > Job Groups >  > openSUSE Tumbleweed > Build20250302 > container_host_containerd > x86_64
Machine:  64bit
YAML_SCHEDULE:  
Schedule:  
Failed Modules: 
-----------------------------------
Parsed job: https://openqa.opensuse.org/tests/4894892 | with path: O3 > Job Groups >  > openSUSE Tumbleweed > Build20250302 > container_host_docker_apparmor > x86_64
Machine:  64bit
YAML_SCHEDULE:  
Schedule:  
Failed Modules: 
-----------------------------------
Parsed job: https://openqa.opensuse.org/tests/4894893 | with path: O3 > Job Groups >  > openSUSE Tumbleweed > Build20250302 > container_host_docker_selinux > x86_64
Machine:  64bit
YAML_SCHEDULE:  
Schedule:  
Failed Modules: 
-----------------------------------
Parsed job: https://openqa.opensuse.org/tests/4894800 | with path: O3 > Job Groups >  > openSUSE Tumbleweed > Build20250302 > container_host_docker_stable_apparmor > x86_64
Machine:  64bit
YAML_SCHEDULE:  
Schedule:  
Failed Modules: 
-----------------------------------
Parsed job: https://openqa.opensuse.org/tests/4894801 | with path: O3 > Job Groups >  > openSUSE Tumbleweed > Build20250302 > container_host_docker_stable_selinux > x86_64
Machine:  64bit
YAML_SCHEDULE:  
Schedule:  
Failed Modules: 
-----------------------------------
Parsed job: https://openqa.opensuse.org/tests/4894883 | with path: O3 > Job Groups >  > openSUSE Tumbleweed > Build20250302 > container_host_helm > x86_64
Machine:  64bit
YAML_SCHEDULE:  
Schedule:  
Failed Modules: 
-----------------------------------
Parsed job: https://openqa.opensuse.org/tests/4894884 | with path: O3 > Job Groups >  > openSUSE Tumbleweed > Build20250302 > container_host_kubectl > x86_64
Machine:  64bit
YAML_SCHEDULE:  
Schedule:  
Failed Modules: 
-----------------------------------
Parsed job: https://openqa.opensuse.org/tests/4894730 | with path: O3 > Job Groups >  > openSUSE Tumbleweed > Build20250302 > container_host_multi_runtime > x86_64
Machine:  64bit
YAML_SCHEDULE:  
Schedule:  
Failed Modules: 
-----------------------------------
Parsed job: https://openqa.opensuse.org/tests/4894894 | with path: O3 > Job Groups >  > openSUSE Tumbleweed > Build20250302 > container_host_podman_apparmor > x86_64
Machine:  64bit
YAML_SCHEDULE:  
Schedule:  
Failed Modules: 
-----------------------------------
Parsed job: https://openqa.opensuse.org/tests/4894889 | with path: O3 > Job Groups >  > openSUSE Tumbleweed > Build20250302 > container_host_podman_selinux > x86_64
Machine:  64bit
YAML_SCHEDULE:  
Schedule:  
Failed Modules: 
-----------------------------------
Parsed job: https://openqa.opensuse.org/tests/4894885 | with path: O3 > Job Groups >  > openSUSE Tumbleweed > Build20250302 > container_host_podman_testsuite > x86_64
Machine:  64bit
YAML_SCHEDULE:  
Schedule:  
Failed Modules: 
-----------------------------------
Parsed job: https://openqa.opensuse.org/tests/4894890 | with path: O3 > Job Groups >  > openSUSE Tumbleweed > Build20250302 > containers_host_podman_runc_apparmor > x86_64
Machine:  64bit
YAML_SCHEDULE:  
Schedule:  
Failed Modules: 
-----------------------------------
Parsed job: https://openqa.opensuse.org/tests/4894891 | with path: O3 > Job Groups >  > openSUSE Tumbleweed > Build20250302 > containers_host_podman_runc_selinux > x86_64
Machine:  64bit
YAML_SCHEDULE:  
Schedule:  
Failed Modules: 
-----------------------------------
Parsed job: https://openqa.opensuse.org/tests/4894839 | with path: O3 > Job Groups >  > openSUSE Tumbleweed > Build20250302 > containers_hpc_apptainer > x86_64
Machine:  64bit
YAML_SCHEDULE:  
Schedule:  
Failed Modules: 
-----------------------------------
Parsed job: https://openqa.opensuse.org/tests/4894807 | with path: O3 > Job Groups >  > openSUSE Tumbleweed > Build20250302 > containers_image > x86_64
Machine:  64bit
YAML_SCHEDULE:  
Schedule:  
Failed Modules: 
-----------------------------------
Parsed job: https://openqa.opensuse.org/tests/4894634 | with path: O3 > Job Groups >  > openSUSE Tumbleweed > Build20250302 > create_hdd_gnome > x86_64
Machine:  64bit
YAML_SCHEDULE:  
Schedule:  
Failed Modules: 
-----------------------------------
Parsed job: https://openqa.opensuse.org/tests/4894668 | with path: O3 > Job Groups >  > openSUSE Tumbleweed > Build20250302 > create_hdd_gnome-wayland@64bit_virtio > x86_64
Machine:  64bit_virtio
YAML_SCHEDULE:  
Schedule:  
Failed Modules: 
-----------------------------------
Parsed job: https://openqa.opensuse.org/tests/4894669 | with path: O3 > Job Groups >  > openSUSE Tumbleweed > Build20250302 > create_hdd_gnome-x11 > x86_64
Machine:  64bit
YAML_SCHEDULE:  
Schedule:  
Failed Modules: 
-----------------------------------
Parsed job: https://openqa.opensuse.org/tests/4894725 | with path: O3 > Job Groups >  > openSUSE Tumbleweed > Build20250302 > create_hdd_gnome_apparmor > x86_64
Machine:  64bit
YAML_SCHEDULE:  
Schedule:  
Failed Modules: 
-----------------------------------
Parsed job: https://openqa.opensuse.org/tests/4894780 | with path: O3 > Job Groups >  > openSUSE Tumbleweed > Build20250302 > create_hdd_gnome_libyui > x86_64
Machine:  64bit
YAML_SCHEDULE:  schedule/yast/opensuse/create_hdd_gnome_libyui.yaml
Schedule:  
Failed Modules: 
-----------------------------------
Parsed job: https://openqa.opensuse.org/tests/4894752 | with path: O3 > Job Groups >  > openSUSE Tumbleweed > Build20250302 > create_hdd_gnome_wicked > x86_64
Machine:  64bit
YAML_SCHEDULE:  schedule/yast/opensuse/create_hdd_gnome_wicked.yaml
Schedule:  
Failed Modules: 
-----------------------------------
Parsed job: https://openqa.opensuse.org/tests/4894635 | with path: O3 > Job Groups >  > openSUSE Tumbleweed > Build20250302 > create_hdd_kde > x86_64
Machine:  64bit
YAML_SCHEDULE:  
Schedule:  
Failed Modules: 
-----------------------------------
Parsed job: https://openqa.opensuse.org/tests/4894622 | with path: O3 > Job Groups >  > openSUSE Tumbleweed > Build20250302 > create_hdd_textmode > x86_64
Machine:  64bit
YAML_SCHEDULE:  
Schedule:  
Failed Modules: 
-----------------------------------
Parsed job: https://openqa.opensuse.org/tests/4894726 | with path: O3 > Job Groups >  > openSUSE Tumbleweed > Build20250302 > create_hdd_textmode_apparmor > x86_64
Machine:  64bit
YAML_SCHEDULE:  
Schedule:  
Failed Modules: 
-----------------------------------
Parsed job: https://openqa.opensuse.org/tests/4894798 | with path: O3 > Job Groups >  > openSUSE Tumbleweed > Build20250302 > create_hdd_textmode_autoyast > x86_64
Machine:  64bit
YAML_SCHEDULE:  schedule/functional/autoyast_create_hdd/autoyast_create_hdd_textmode.yaml
Schedule:  
Failed Modules: 
-----------------------------------
Parsed job: https://openqa.opensuse.org/tests/4894623 | with path: O3 > Job Groups >  > openSUSE Tumbleweed > Build20250302 > create_hdd_textmode_uefi@uefi > x86_64
Machine:  uefi
YAML_SCHEDULE:  
Schedule:  
Failed Modules: 
-----------------------------------
Parsed job: https://openqa.opensuse.org/tests/4894636 | with path: O3 > Job Groups >  > openSUSE Tumbleweed > Build20250302 > create_hdd_xfce > x86_64
Machine:  64bit
YAML_SCHEDULE:  
Schedule:  
Failed Modules: 
-----------------------------------
Parsed job: https://openqa.opensuse.org/tests/4894909 | with path: O3 > Job Groups >  > openSUSE Tumbleweed > Build20250302 > create_swtpm_hdd > x86_64
Machine:  64bit
YAML_SCHEDULE:  schedule/security/create_swtpm_hdd.yaml
Schedule:  
Failed Modules: 
-----------------------------------
Parsed job: https://openqa.opensuse.org/tests/4894630 | with path: O3 > Job Groups >  > openSUSE Tumbleweed > Build20250302 > create_swtpm_hdd_uefi@uefi > x86_64
Machine:  uefi
YAML_SCHEDULE:  schedule/security/create_swtpm_hdd.yaml
Schedule:  
Failed Modules: 
-----------------------------------
Parsed job: https://openqa.opensuse.org/tests/4894707 | with path: O3 > Job Groups >  > openSUSE Tumbleweed > Build20250302 > crypt_no_lvm > x86_64
Machine:  64bit
YAML_SCHEDULE:  schedule/yast/opensuse/encryption/crypt_no_lvm.yaml
Schedule:  
Failed Modules: 
-----------------------------------
Parsed job: https://openqa.opensuse.org/tests/4894648 | with path: O3 > Job Groups >  > openSUSE Tumbleweed > Build20250302 > cryptlvm > x86_64
Machine:  64bit
YAML_SCHEDULE:  schedule/yast/opensuse/encryption/cryptlvm.yaml
Schedule:  
Failed Modules: 
-----------------------------------
Parsed job: https://openqa.opensuse.org/tests/4894618 | with path: O3 > Job Groups >  > openSUSE Tumbleweed > Build20250302 > cryptlvm@uefi > x86_64
Machine:  uefi
YAML_SCHEDULE:  schedule/yast/opensuse/encryption/cryptlvm.yaml
Schedule:  
Failed Modules: 
-----------------------------------
Parsed job: https://openqa.opensuse.org/tests/4894738 | with path: O3 > Job Groups >  > openSUSE Tumbleweed > Build20250302 > desktopapps-documentation > x86_64
Machine:  64bit
YAML_SCHEDULE:  
Schedule:  
Failed Modules: 
-----------------------------------
Parsed job: https://openqa.opensuse.org/tests/4894920 | with path: O3 > Job Groups >  > openSUSE Tumbleweed > Build20250302 > desktopapps-documentation-x11 > x86_64
Machine:  64bit
YAML_SCHEDULE:  
Schedule:  
Failed Modules: 
-----------------------------------
Parsed job: https://openqa.opensuse.org/tests/4894716 | with path: O3 > Job Groups >  > openSUSE Tumbleweed > Build20250302 > desktopapps-gb18030 > x86_64
Machine:  64bit
YAML_SCHEDULE:  schedule/desktop/gb18030.yaml
Schedule:  
Failed Modules: 
-----------------------------------
Parsed job: https://openqa.opensuse.org/tests/4894922 | with path: O3 > Job Groups >  > openSUSE Tumbleweed > Build20250302 > desktopapps-gnome > x86_64
Machine:  64bit
YAML_SCHEDULE:  
Schedule:  
Failed Modules: 
-----------------------------------
Parsed job: https://openqa.opensuse.org/tests/4894924 | with path: O3 > Job Groups >  > openSUSE Tumbleweed > Build20250302 > desktopapps-gnome-x11 > x86_64
Machine:  64bit
YAML_SCHEDULE:  
Schedule:  
Failed Modules: 
-----------------------------------
Parsed job: https://openqa.opensuse.org/tests/4894832 | with path: O3 > Job Groups >  > openSUSE Tumbleweed > Build20250302 > desktopapps-message-gnome > x86_64
Machine:  64bit
YAML_SCHEDULE:  schedule/functional/message.yaml
Schedule:  
Failed Modules: 
-----------------------------------
Parsed job: https://openqa.opensuse.org/tests/4894739 | with path: O3 > Job Groups >  > openSUSE Tumbleweed > Build20250302 > desktopapps-other > x86_64
Machine:  64bit
YAML_SCHEDULE:  
Schedule:  
Failed Modules: 
-----------------------------------
Parsed job: https://openqa.opensuse.org/tests/4894923 | with path: O3 > Job Groups >  > openSUSE Tumbleweed > Build20250302 > desktopapps-other-x11 > x86_64
Machine:  64bit
YAML_SCHEDULE:  
Schedule:  
Failed Modules: 
-----------------------------------
Parsed job: https://openqa.opensuse.org/tests/4894958 | with path: O3 > Job Groups >  > openSUSE Tumbleweed > Build20250302 > desktopapps-remote-desktop-xrdp-client1@64bit_virtio > x86_64
Machine:  64bit_virtio
YAML_SCHEDULE:  
Schedule:  
Failed Modules: 
-----------------------------------
Parsed job: https://openqa.opensuse.org/tests/4895163 | with path: O3 > Job Groups >  > openSUSE Tumbleweed > Build20250302 > desktopapps-remote-desktop-xrdp-client2@64bit_virtio > x86_64
Machine:  64bit_virtio
YAML_SCHEDULE:  
Schedule:  
Failed Modules: 
-----------------------------------
Parsed job: https://openqa.opensuse.org/tests/4894735 | with path: O3 > Job Groups >  > openSUSE Tumbleweed > Build20250302 > desktopapps-remote-desktop-xrdp-server1@64bit_virtio > x86_64
Machine:  64bit_virtio
YAML_SCHEDULE:  
Schedule:  
Failed Modules: 
-----------------------------------
Parsed job: https://openqa.opensuse.org/tests/4894740 | with path: O3 > Job Groups >  > openSUSE Tumbleweed > Build20250302 > ext3_textmode > x86_64
Machine:  64bit
YAML_SCHEDULE:  schedule/yast/opensuse/ext3/ext3_textmode.yaml
Schedule:  
Failed Modules: 
-----------------------------------
Parsed job: https://openqa.opensuse.org/tests/4894789 | with path: O3 > Job Groups >  > openSUSE Tumbleweed > Build20250302 > external_iso > x86_64
Machine:  64bit
YAML_SCHEDULE:  schedule/functional/external_iso.yaml
Schedule:  
Failed Modules: 
-----------------------------------
Parsed job: https://openqa.opensuse.org/tests/4894838 | with path: O3 > Job Groups >  > openSUSE Tumbleweed > Build20250302 > extra_tests_ai_ml > x86_64
Machine:  64bit
YAML_SCHEDULE:  schedule/ai_ml.yaml
Schedule:  
Failed Modules: 
-----------------------------------
Parsed job: https://openqa.opensuse.org/tests/4894702 | with path: O3 > Job Groups >  > openSUSE Tumbleweed > Build20250302 > extra_tests_dracut > x86_64
Machine:  64bit
YAML_SCHEDULE:  schedule/functional/extra_tests_dracut.yaml
Schedule:  
Failed Modules: 
-----------------------------------
Parsed job: https://openqa.opensuse.org/tests/4894660 | with path: O3 > Job Groups >  > openSUSE Tumbleweed > Build20250302 > extra_tests_filesystem > x86_64
Machine:  64bit
YAML_SCHEDULE:  
Schedule:  
Failed Modules: 
-----------------------------------
Parsed job: https://openqa.opensuse.org/tests/4894712 | with path: O3 > Job Groups >  > openSUSE Tumbleweed > Build20250302 > extra_tests_gnome > x86_64
Machine:  64bit
YAML_SCHEDULE:  schedule/functional/extra_tests_gnome.yaml
Schedule:  
Failed Modules: 
-----------------------------------
Parsed job: https://openqa.opensuse.org/tests/4894786 | with path: O3 > Job Groups >  > openSUSE Tumbleweed > Build20250302 > extra_tests_misc > x86_64
Machine:  64bit
YAML_SCHEDULE:  schedule/functional/extra_tests_misc.yaml
Schedule:  
Failed Modules: 
-----------------------------------
Parsed job: https://openqa.opensuse.org/tests/4894652 | with path: O3 > Job Groups >  > openSUSE Tumbleweed > Build20250302 > extra_tests_on_kde > x86_64
Machine:  64bit
YAML_SCHEDULE:  
Schedule:  
Failed Modules: 
-----------------------------------
Parsed job: https://openqa.opensuse.org/tests/4894653 | with path: O3 > Job Groups >  > openSUSE Tumbleweed > Build20250302 > extra_tests_on_xfce > x86_64
Machine:  64bit
YAML_SCHEDULE:  
Schedule:  
Failed Modules: 
-----------------------------------
Parsed job: https://openqa.opensuse.org/tests/4894731 | with path: O3 > Job Groups >  > openSUSE Tumbleweed > Build20250302 > extra_tests_textmode > x86_64
Machine:  64bit
YAML_SCHEDULE:  schedule/functional/extra_tests_textmode.yaml
Schedule:  
Failed Modules: 
-----------------------------------
Parsed job: https://openqa.opensuse.org/tests/4894797 | with path: O3 > Job Groups >  > openSUSE Tumbleweed > Build20250302 > extra_tests_webserver > x86_64
Machine:  64bit
YAML_SCHEDULE:  schedule/qam/common/mau-webserver.yaml
Schedule:  
Failed Modules: 
-----------------------------------
Parsed job: https://openqa.opensuse.org/tests/4895159 | with path: O3 > Job Groups >  > openSUSE Tumbleweed > Build20250302 > firewalld-policy-client > x86_64
Machine:  64bit
YAML_SCHEDULE:  schedule/functional/firewalld_policy_objects.yaml
Schedule:  
Failed Modules: 
-----------------------------------
Parsed job: https://openqa.opensuse.org/tests/4895157 | with path: O3 > Job Groups >  > openSUSE Tumbleweed > Build20250302 > firewalld-policy-firewall > x86_64
Machine:  64bit
YAML_SCHEDULE:  schedule/functional/firewalld_policy_objects.yaml
Schedule:  
Failed Modules: 
-----------------------------------
Parsed job: https://openqa.opensuse.org/tests/4895158 | with path: O3 > Job Groups >  > openSUSE Tumbleweed > Build20250302 > firewalld-policy-server > x86_64
Machine:  64bit
YAML_SCHEDULE:  schedule/functional/firewalld_policy_objects.yaml
Schedule:  
Failed Modules: 
-----------------------------------
Parsed job: https://openqa.opensuse.org/tests/4894644 | with path: O3 > Job Groups >  > openSUSE Tumbleweed > Build20250302 > gnome > x86_64
Machine:  64bit
YAML_SCHEDULE:  
Schedule:  
Failed Modules: 
-----------------------------------
Parsed job: https://openqa.opensuse.org/tests/4894721 | with path: O3 > Job Groups >  > openSUSE Tumbleweed > Build20250302 > gnome@64bit_qxl > x86_64
Machine:  64bit_qxl
YAML_SCHEDULE:  
Schedule:  
Failed Modules: 
-----------------------------------
Parsed job: https://openqa.opensuse.org/tests/4894723 | with path: O3 > Job Groups >  > openSUSE Tumbleweed > Build20250302 > gnome@Laptop_64 > x86_64
Machine:  Laptop_64
YAML_SCHEDULE:  
Schedule:  
Failed Modules: 
-----------------------------------
Parsed job: https://openqa.opensuse.org/tests/4894609 | with path: O3 > Job Groups >  > openSUSE Tumbleweed > Build20250302 > gnome+do_not_import_ssh_keys@64bit_cirrus-2G > x86_64
Machine:  64bit_cirrus-2G
YAML_SCHEDULE:  
Schedule:  
Failed Modules: 
-----------------------------------
Parsed job: https://openqa.opensuse.org/tests/4894696 | with path: O3 > Job Groups >  > openSUSE Tumbleweed > Build20250302 > gnome+import_ssh_keys@64bit_cirrus > x86_64
Machine:  64bit_cirrus
YAML_SCHEDULE:  
Schedule:  
Failed Modules: 
-----------------------------------
Parsed job: https://openqa.opensuse.org/tests/4894908 | with path: O3 > Job Groups >  > openSUSE Tumbleweed > Build20250302 > gnome-boot-hdd > x86_64
Machine:  64bit
YAML_SCHEDULE:  schedule/functional/gnome.yaml
Schedule:  
Failed Modules: 
-----------------------------------
Parsed job: https://openqa.opensuse.org/tests/4894672 | with path: O3 > Job Groups >  > openSUSE Tumbleweed > Build20250302 > gnome-gdm > x86_64
Machine:  64bit
YAML_SCHEDULE:  
Schedule:  
Failed Modules: 
-----------------------------------
Parsed job: https://openqa.opensuse.org/tests/4894930 | with path: O3 > Job Groups >  > openSUSE Tumbleweed > Build20250302 > gnome-x11-ibus > x86_64
Machine:  64bit
YAML_SCHEDULE:  
Schedule:  
Failed Modules: 
-----------------------------------
Parsed job: https://openqa.opensuse.org/tests/4894833 | with path: O3 > Job Groups >  > openSUSE Tumbleweed > Build20250302 > gnome_dual_windows10@64bit_win > x86_64
Machine:  64bit_win
YAML_SCHEDULE:  
Schedule:  
Failed Modules: 
-----------------------------------
Parsed job: https://openqa.opensuse.org/tests/4894835 | with path: O3 > Job Groups >  > openSUSE Tumbleweed > Build20250302 > gnome_dual_windows10@uefi_win > x86_64
Machine:  uefi_win
YAML_SCHEDULE:  
Schedule:  
Failed Modules: 
-----------------------------------
Parsed job: https://openqa.opensuse.org/tests/4894667 | with path: O3 > Job Groups >  > openSUSE Tumbleweed > Build20250302 > gnuhealth > x86_64
Machine:  64bit
YAML_SCHEDULE:  schedule/functional/extra_tests_gnuhealth.yaml
Schedule:  
Failed Modules: 
-----------------------------------
Parsed job: https://openqa.opensuse.org/tests/4894617 | with path: O3 > Job Groups >  > openSUSE Tumbleweed > Build20250302 > gpt > x86_64
Machine:  64bit
YAML_SCHEDULE:  schedule/yast/opensuse/gpt.yaml
Schedule:  
Failed Modules: 
-----------------------------------
Parsed job: https://openqa.opensuse.org/tests/4894827 | with path: O3 > Job Groups >  > openSUSE Tumbleweed > Build20250302 > guided_btrfs > x86_64
Machine:  64bit
YAML_SCHEDULE:  schedule/yast/tumbleweed/guided_btrfs.yaml
Schedule:  
Failed Modules: 
-----------------------------------
Parsed job: https://openqa.opensuse.org/tests/4894828 | with path: O3 > Job Groups >  > openSUSE Tumbleweed > Build20250302 > guided_btrfs_textmode > x86_64
Machine:  64bit
YAML_SCHEDULE:  schedule/yast/tumbleweed/guided_btrfs.yaml
Schedule:  
Failed Modules: 
-----------------------------------
Parsed job: https://openqa.opensuse.org/tests/4894829 | with path: O3 > Job Groups >  > openSUSE Tumbleweed > Build20250302 > guided_ext4 > x86_64
Machine:  64bit
YAML_SCHEDULE:  schedule/yast/tumbleweed/guided_ext4.yaml
Schedule:  
Failed Modules: 
-----------------------------------
Parsed job: https://openqa.opensuse.org/tests/4894830 | with path: O3 > Job Groups >  > openSUSE Tumbleweed > Build20250302 > guided_ext4_textmode > x86_64
Machine:  64bit
YAML_SCHEDULE:  schedule/yast/tumbleweed/guided_ext4.yaml
Schedule:  
Failed Modules: 
-----------------------------------
Parsed job: https://openqa.opensuse.org/tests/4894703 | with path: O3 > Job Groups >  > openSUSE Tumbleweed > Build20250302 > install_offline > x86_64
Machine:  64bit
YAML_SCHEDULE:  
Schedule:  
Failed Modules: 
-----------------------------------
Parsed job: https://openqa.opensuse.org/tests/4894629 | with path: O3 > Job Groups >  > openSUSE Tumbleweed > Build20250302 > install_only@64bit-multipath > x86_64
Machine:  64bit-multipath
YAML_SCHEDULE:  
Schedule:  
Failed Modules: 
-----------------------------------
Parsed job: https://openqa.opensuse.org/tests/4894649 | with path: O3 > Job Groups >  > openSUSE Tumbleweed > Build20250302 > install_only@smp_64 > x86_64
Machine:  smp_64
YAML_SCHEDULE:  
Schedule:  
Failed Modules: 
-----------------------------------
Parsed job: https://openqa.opensuse.org/tests/4894626 | with path: O3 > Job Groups >  > openSUSE Tumbleweed > Build20250302 > installer_extended > x86_64
Machine:  64bit
YAML_SCHEDULE:  schedule/yast/opensuse/installer_extended/installer_extended.yaml
Schedule:  
Failed Modules: 
-----------------------------------
Parsed job: https://openqa.opensuse.org/tests/4894638 | with path: O3 > Job Groups >  > openSUSE Tumbleweed > Build20250302 > kde > x86_64
Machine:  64bit
YAML_SCHEDULE:  
Schedule:  
Failed Modules: 
-----------------------------------
Parsed job: https://openqa.opensuse.org/tests/4894717 | with path: O3 > Job Groups >  > openSUSE Tumbleweed > Build20250302 > kde@64bit_cirrus-2G > x86_64
Machine:  64bit_cirrus-2G
YAML_SCHEDULE:  
Schedule:  
Failed Modules: 
-----------------------------------
Parsed job: https://openqa.opensuse.org/tests/4894640 | with path: O3 > Job Groups >  > openSUSE Tumbleweed > Build20250302 > kde@Laptop_64 > x86_64
Machine:  Laptop_64
YAML_SCHEDULE:  
Schedule:  
Failed Modules: 
-----------------------------------
Parsed job: https://openqa.opensuse.org/tests/4894639 | with path: O3 > Job Groups >  > openSUSE Tumbleweed > Build20250302 > kde@USBboot_64 > x86_64
Machine:  USBboot_64
YAML_SCHEDULE:  
Schedule:  
Failed Modules: 
-----------------------------------
Parsed job: https://openqa.opensuse.org/tests/4894673 | with path: O3 > Job Groups >  > openSUSE Tumbleweed > Build20250302 > kde-sddm > x86_64
Machine:  64bit
YAML_SCHEDULE:  
Schedule:  
Failed Modules: 
-----------------------------------
Parsed job: https://openqa.opensuse.org/tests/4894654 | with path: O3 > Job Groups >  > openSUSE Tumbleweed > Build20250302 > kde-wayland@64bit_virtio > x86_64
Machine:  64bit_virtio
YAML_SCHEDULE:  
Schedule:  
Failed Modules: 
-----------------------------------
Parsed job: https://openqa.opensuse.org/tests/4894834 | with path: O3 > Job Groups >  > openSUSE Tumbleweed > Build20250302 > kde_dual_windows10@64bit_win > x86_64
Machine:  64bit_win
YAML_SCHEDULE:  
Schedule:  
Failed Modules: 
-----------------------------------
Parsed job: https://openqa.opensuse.org/tests/4894674 | with path: O3 > Job Groups >  > openSUSE Tumbleweed > Build20250302 > kde_dual_windows10@uefi_win > x86_64
Machine:  uefi_win
YAML_SCHEDULE:  
Schedule:  
Failed Modules: 
-----------------------------------
Parsed job: https://openqa.opensuse.org/tests/4894661 | with path: O3 > Job Groups >  > openSUSE Tumbleweed > Build20250302 > lvm > x86_64
Machine:  64bit
YAML_SCHEDULE:  schedule/yast/opensuse/lvm/lvm.yaml
Schedule:  
Failed Modules: 
-----------------------------------
Parsed job: https://openqa.opensuse.org/tests/4894616 | with path: O3 > Job Groups >  > openSUSE Tumbleweed > Build20250302 > lvm+RAID1 > x86_64
Machine:  64bit
YAML_SCHEDULE:  schedule/yast/opensuse/lvm_raid1/lvm+raid1.yaml
Schedule:  
Failed Modules: 
-----------------------------------
Parsed job: https://openqa.opensuse.org/tests/4894658 | with path: O3 > Job Groups >  > openSUSE Tumbleweed > Build20250302 > lvm-encrypt-separate-boot > x86_64
Machine:  64bit
YAML_SCHEDULE:  schedule/yast/opensuse/encryption/lvm_encrypt_separate_boot.yaml
Schedule:  
Failed Modules: 
-----------------------------------
Parsed job: https://openqa.opensuse.org/tests/4894659 | with path: O3 > Job Groups >  > openSUSE Tumbleweed > Build20250302 > lvm-full-encrypt > x86_64
Machine:  64bit
YAML_SCHEDULE:  schedule/yast/opensuse/encryption/lvm_full_encrypt.yaml
Schedule:  
Failed Modules: 
-----------------------------------
Parsed job: https://openqa.opensuse.org/tests/4894620 | with path: O3 > Job Groups >  > openSUSE Tumbleweed > Build20250302 > lvm_thin_provisioning > x86_64
Machine:  64bit
YAML_SCHEDULE:  schedule/yast/opensuse/lvm/lvm_thin_provisioning.yaml
Schedule:  
Failed Modules: 
-----------------------------------
Parsed job: https://openqa.opensuse.org/tests/4894651 | with path: O3 > Job Groups >  > openSUSE Tumbleweed > Build20250302 > mediacheck > x86_64
Machine:  64bit
YAML_SCHEDULE:  schedule/yast/opensuse/mediacheck.yaml
Schedule:  
Failed Modules: 
-----------------------------------
Parsed job: https://openqa.opensuse.org/tests/4894645 | with path: O3 > Job Groups >  > openSUSE Tumbleweed > Build20250302 > minimalx > x86_64
Machine:  64bit
YAML_SCHEDULE:  
Schedule:  
Failed Modules: 
-----------------------------------
Parsed job: https://openqa.opensuse.org/tests/4894646 | with path: O3 > Job Groups >  > openSUSE Tumbleweed > Build20250302 > minimalx+btrfs+sephome > x86_64
Machine:  64bit
YAML_SCHEDULE:  
Schedule:  
Failed Modules: 
-----------------------------------
Parsed job: https://openqa.opensuse.org/tests/4894627 | with path: O3 > Job Groups >  > openSUSE Tumbleweed > Build20250302 > minimalx_btrfs_snapper > x86_64
Machine:  64bit
YAML_SCHEDULE:  
Schedule:  
Failed Modules: 
-----------------------------------
Parsed job: https://openqa.opensuse.org/tests/4894741 | with path: O3 > Job Groups >  > openSUSE Tumbleweed > Build20250302 > modify_existing_partition > x86_64
Machine:  64bit
YAML_SCHEDULE:  schedule/yast/opensuse/modify_existing_partition.yaml
Schedule:  
Failed Modules: 
-----------------------------------
Parsed job: https://openqa.opensuse.org/tests/4894976 | with path: O3 > Job Groups >  > openSUSE Tumbleweed > Build20250302 > network_bonding_ping > x86_64
Machine:  64bit
YAML_SCHEDULE:  schedule/functional/extra_tests_network_bonding.yaml
Schedule:  
Failed Modules: 
-----------------------------------
Parsed job: https://openqa.opensuse.org/tests/4894776 | with path: O3 > Job Groups >  > openSUSE Tumbleweed > Build20250302 > network_bonding_target > x86_64
Machine:  64bit
YAML_SCHEDULE:  schedule/functional/extra_tests_network_bonding.yaml
Schedule:  
Failed Modules: 
-----------------------------------
Parsed job: https://openqa.opensuse.org/tests/4894655 | with path: O3 > Job Groups >  > openSUSE Tumbleweed > Build20250302 > nvme@uefi > x86_64
Machine:  uefi
YAML_SCHEDULE:  schedule/yast/opensuse/nvme.yaml
Schedule:  
Failed Modules: 
-----------------------------------
Parsed job: https://openqa.opensuse.org/tests/4894773 | with path: O3 > Job Groups >  > openSUSE Tumbleweed > Build20250302 > openldap_to_389ds > x86_64
Machine:  64bit
YAML_SCHEDULE:  schedule/migration/openldap_to_389ds.yaml
Schedule:  
Failed Modules: 
-----------------------------------
Parsed job: https://openqa.opensuse.org/tests/4894664 | with path: O3 > Job Groups >  > openSUSE Tumbleweed > Build20250302 > openqa_bootstrap > x86_64
Machine:  64bit
YAML_SCHEDULE:  
Schedule:  
Failed Modules: 
-----------------------------------
Parsed job: https://openqa.opensuse.org/tests/4894791 | with path: O3 > Job Groups >  > openSUSE Tumbleweed > Build20250302 > openqa_bootstrap_container > x86_64
Machine:  64bit
YAML_SCHEDULE:  
Schedule:  
Failed Modules: 
-----------------------------------
Parsed job: https://openqa.opensuse.org/tests/4894643 | with path: O3 > Job Groups >  > openSUSE Tumbleweed > Build20250302 > openqa_bootstrap_nginx > x86_64
Machine:  64bit
YAML_SCHEDULE:  
Schedule:  
Failed Modules: 
-----------------------------------
Parsed job: https://openqa.opensuse.org/tests/4894907 | with path: O3 > Job Groups >  > openSUSE Tumbleweed > Build20250302 > openscap > x86_64
Machine:  64bit
YAML_SCHEDULE:  schedule/security/openscap.yaml
Schedule:  
Failed Modules: 
-----------------------------------
Parsed job: https://openqa.opensuse.org/tests/4894992 | with path: O3 > Job Groups >  > openSUSE Tumbleweed > Build20250302 > ovs-client > x86_64
Machine:  64bit
YAML_SCHEDULE:  schedule/functional/extra_tests_ovs.yaml
Schedule:  
Failed Modules: 
-----------------------------------
Parsed job: https://openqa.opensuse.org/tests/4894901 | with path: O3 > Job Groups >  > openSUSE Tumbleweed > Build20250302 > ovs-server > x86_64
Machine:  64bit
YAML_SCHEDULE:  schedule/functional/extra_tests_ovs.yaml
Schedule:  
Failed Modules: 
-----------------------------------
Parsed job: https://openqa.opensuse.org/tests/4894628 | with path: O3 > Job Groups >  > openSUSE Tumbleweed > Build20250302 > package-dependency > x86_64
Machine:  64bit
YAML_SCHEDULE:  
Schedule:  
Failed Modules: 
-----------------------------------
Parsed job: https://openqa.opensuse.org/tests/4894983 | with path: O3 > Job Groups >  > openSUSE Tumbleweed > Build20250302 > ping_client > x86_64
Machine:  64bit
YAML_SCHEDULE:  schedule/functional/mm_ping.yaml
Schedule:  
Failed Modules: 
-----------------------------------
Parsed job: https://openqa.opensuse.org/tests/4894781 | with path: O3 > Job Groups >  > openSUSE Tumbleweed > Build20250302 > ping_server > x86_64
Machine:  64bit
YAML_SCHEDULE:  schedule/functional/mm_ping.yaml
Schedule:  
Failed Modules: 
-----------------------------------
Parsed job: https://openqa.opensuse.org/tests/4894697 | with path: O3 > Job Groups >  > openSUSE Tumbleweed > Build20250302 > qemu > x86_64
Machine:  64bit
YAML_SCHEDULE:  schedule/functional/extra_tests_qemu.yaml
Schedule:  
Failed Modules: 
-----------------------------------
Parsed job: https://openqa.opensuse.org/tests/4894742 | with path: O3 > Job Groups >  > openSUSE Tumbleweed > Build20250302 > remote-desktop-supportserver4 > x86_64
Machine:  64bit
YAML_SCHEDULE:  
Schedule:  
Failed Modules: 
-----------------------------------
Parsed job: https://openqa.opensuse.org/tests/4894612 | with path: O3 > Job Groups >  > openSUSE Tumbleweed > Build20250302 > remote_ssh_controller > x86_64
Machine:  64bit
YAML_SCHEDULE:  schedule/yast/opensuse/remote_ssh_controller.yaml
Schedule:  
Failed Modules: 
-----------------------------------
Parsed job: https://openqa.opensuse.org/tests/4894613 | with path: O3 > Job Groups >  > openSUSE Tumbleweed > Build20250302 > remote_ssh_target > x86_64
Machine:  64bit
YAML_SCHEDULE:  schedule/yast/opensuse/remote_ssh_target.yaml
Schedule:  
Failed Modules: 
-----------------------------------
Parsed job: https://openqa.opensuse.org/tests/4894728 | with path: O3 > Job Groups >  > openSUSE Tumbleweed > Build20250302 > remote_vnc_controller > x86_64
Machine:  64bit
YAML_SCHEDULE:  schedule/yast/opensuse/remote_vnc/remote_vnc_controller.yaml
Schedule:  
Failed Modules: 
-----------------------------------
Parsed job: https://openqa.opensuse.org/tests/4894729 | with path: O3 > Job Groups >  > openSUSE Tumbleweed > Build20250302 > remote_vnc_target > x86_64
Machine:  64bit
YAML_SCHEDULE:  schedule/yast/opensuse/remote_vnc/remote_vnc_target.yaml
Schedule:  
Failed Modules: 
-----------------------------------
Parsed job: https://openqa.opensuse.org/tests/4894662 | with path: O3 > Job Groups >  > openSUSE Tumbleweed > Build20250302 > rescue_system > x86_64
Machine:  64bit
YAML_SCHEDULE:  
Schedule:  
Failed Modules: 
-----------------------------------
Parsed job: https://openqa.opensuse.org/tests/4894698 | with path: O3 > Job Groups >  > openSUSE Tumbleweed > Build20250302 > rootonly > x86_64
Machine:  64bit
YAML_SCHEDULE:  schedule/functional/rootonly.yaml
Schedule:  
Failed Modules: 
-----------------------------------
Parsed job: https://openqa.opensuse.org/tests/4894984 | with path: O3 > Job Groups >  > openSUSE Tumbleweed > Build20250302 > rsync-client > x86_64
Machine:  64bit
YAML_SCHEDULE:  schedule/functional/rsync.yaml
Schedule:  
Failed Modules: 
-----------------------------------
Parsed job: https://openqa.opensuse.org/tests/4894785 | with path: O3 > Job Groups >  > openSUSE Tumbleweed > Build20250302 > rsync-server > x86_64
Machine:  64bit
YAML_SCHEDULE:  schedule/functional/rsync.yaml
Schedule:  
Failed Modules: 
-----------------------------------
Parsed job: https://openqa.opensuse.org/tests/4894783 | with path: O3 > Job Groups >  > openSUSE Tumbleweed > Build20250302 > salt-master > x86_64
Machine:  64bit
YAML_SCHEDULE:  schedule/functional/salt.yaml
Schedule:  
Failed Modules: 
-----------------------------------
Parsed job: https://openqa.opensuse.org/tests/4894784 | with path: O3 > Job Groups >  > openSUSE Tumbleweed > Build20250302 > salt-minion > x86_64
Machine:  64bit
YAML_SCHEDULE:  schedule/functional/salt.yaml
Schedule:  
Failed Modules: 
-----------------------------------
Parsed job: https://openqa.opensuse.org/tests/4894813 | with path: O3 > Job Groups >  > openSUSE Tumbleweed > Build20250302 > secureboot_kernel_lockdown@uefi > x86_64
Machine:  uefi
YAML_SCHEDULE:  schedule/security/secureboot_kernel_lockdown.yaml
Schedule:  
Failed Modules: 
-----------------------------------
Parsed job: https://openqa.opensuse.org/tests/4894911 | with path: O3 > Job Groups >  > openSUSE Tumbleweed > Build20250302 > security_389ds_sssd_client > x86_64
Machine:  64bit
YAML_SCHEDULE:  schedule/security/389ds_sssd.yaml
Schedule:  
Failed Modules: 
-----------------------------------
Parsed job: https://openqa.opensuse.org/tests/4894928 | with path: O3 > Job Groups >  > openSUSE Tumbleweed > Build20250302 > security_audit > x86_64
Machine:  64bit
YAML_SCHEDULE:  schedule/security/audit.yaml
Schedule:  
Failed Modules: 
-----------------------------------
Parsed job: https://openqa.opensuse.org/tests/4894779 | with path: O3 > Job Groups >  > openSUSE Tumbleweed > Build20250302 > security_build_nested_hdd > x86_64
Machine:  64bit
YAML_SCHEDULE:  schedule/security/build_nested_hdd.yaml
Schedule:  
Failed Modules: 
-----------------------------------
Parsed job: https://openqa.opensuse.org/tests/4894852 | with path: O3 > Job Groups >  > openSUSE Tumbleweed > Build20250302 > security_crypto_policies > x86_64
Machine:  64bit
YAML_SCHEDULE:  schedule/security/crypto_policies.yaml
Schedule:  
Failed Modules: 
-----------------------------------
Parsed job: https://openqa.opensuse.org/tests/4894777 | with path: O3 > Job Groups >  > openSUSE Tumbleweed > Build20250302 > security_misc_o3 > x86_64
Machine:  64bit
YAML_SCHEDULE:  schedule/security/security_misc_o3.yaml
Schedule:  
Failed Modules: 
-----------------------------------
Parsed job: https://openqa.opensuse.org/tests/4894809 | with path: O3 > Job Groups >  > openSUSE Tumbleweed > Build20250302 > security_pam > x86_64
Machine:  64bit
YAML_SCHEDULE:  
Schedule:  
Failed Modules: 
-----------------------------------
Parsed job: https://openqa.opensuse.org/tests/4894912 | with path: O3 > Job Groups >  > openSUSE Tumbleweed > Build20250302 > security_swtpm > x86_64
Machine:  64bit
YAML_SCHEDULE:  schedule/security/security_swtpm.yaml
Schedule:  
Failed Modules: 
-----------------------------------
Parsed job: https://openqa.opensuse.org/tests/4894878 | with path: O3 > Job Groups >  > openSUSE Tumbleweed > Build20250302 > security_swtpm_uefi@uefi > x86_64
Machine:  uefi
YAML_SCHEDULE:  schedule/security/security_swtpm.yaml
Schedule:  
Failed Modules: 
-----------------------------------
Parsed job: https://openqa.opensuse.org/tests/4894810 | with path: O3 > Job Groups >  > openSUSE Tumbleweed > Build20250302 > security_tpm2 > x86_64
Machine:  64bit
YAML_SCHEDULE:  schedule/security/security_tpm2.yaml
Schedule:  
Failed Modules: 
-----------------------------------
Parsed job: https://openqa.opensuse.org/tests/4894805 | with path: O3 > Job Groups >  > openSUSE Tumbleweed > Build20250302 > security_tpm2_uefi@uefi > x86_64
Machine:  uefi
YAML_SCHEDULE:  schedule/security/security_tpm2.yaml
Schedule:  
Failed Modules: 
-----------------------------------
Parsed job: https://openqa.opensuse.org/tests/4894804 | with path: O3 > Job Groups >  > openSUSE Tumbleweed > Build20250302 > security_tpm_selftest > x86_64
Machine:  64bit
YAML_SCHEDULE:  schedule/security/tpm_selftest.yaml
Schedule:  
Failed Modules: 
-----------------------------------
Parsed job: https://openqa.opensuse.org/tests/4894743 | with path: O3 > Job Groups >  > openSUSE Tumbleweed > Build20250302 > select_disk > x86_64
Machine:  64bit
YAML_SCHEDULE:  schedule/yast/opensuse/select_disk/select_disk.yaml
Schedule:  
Failed Modules: 
-----------------------------------
Parsed job: https://openqa.opensuse.org/tests/4894744 | with path: O3 > Job Groups >  > openSUSE Tumbleweed > Build20250302 > selinux > x86_64
Machine:  64bit
YAML_SCHEDULE:  schedule/security/selinux.yaml
Schedule:  
Failed Modules: 
-----------------------------------
Parsed job: https://openqa.opensuse.org/tests/4894772 | with path: O3 > Job Groups >  > openSUSE Tumbleweed > Build20250302 > stack_tests_python > x86_64
Machine:  64bit
YAML_SCHEDULE:  schedule/functional/stack_tests_python.yaml
Schedule:  
Failed Modules: 
-----------------------------------
Parsed job: https://openqa.opensuse.org/tests/4894888 | with path: O3 > Job Groups >  > openSUSE Tumbleweed > Build20250302 > sway > x86_64
Machine:  64bit
YAML_SCHEDULE:  schedule/functional/sway.yaml
Schedule:  
Failed Modules: 
-----------------------------------
Parsed job: https://openqa.opensuse.org/tests/4894887 | with path: O3 > Job Groups >  > openSUSE Tumbleweed > Build20250302 > sys-param-check > x86_64
Machine:  64bit
YAML_SCHEDULE:  schedule/qam/common/sys_param_check.yaml
Schedule:  
Failed Modules: 
-----------------------------------
Parsed job: https://openqa.opensuse.org/tests/4894766 | with path: O3 > Job Groups >  > openSUSE Tumbleweed > Build20250302 > system_check > x86_64
Machine:  64bit
YAML_SCHEDULE:  schedule/security/system_check.yaml
Schedule:  
Failed Modules: 
-----------------------------------
Parsed job: https://openqa.opensuse.org/tests/4894714 | with path: O3 > Job Groups >  > openSUSE Tumbleweed > Build20250302 > system_performance > x86_64
Machine:  64bit
YAML_SCHEDULE:  
Schedule:  
Failed Modules: 
-----------------------------------
Parsed job: https://openqa.opensuse.org/tests/4894720 | with path: O3 > Job Groups >  > openSUSE Tumbleweed > Build20250302 > systemd-networkd > x86_64
Machine:  64bit
YAML_SCHEDULE:  schedule/functional/extra_tests_networkd.yaml
Schedule:  
Failed Modules: 
-----------------------------------
Parsed job: https://openqa.opensuse.org/tests/4894637 | with path: O3 > Job Groups >  > openSUSE Tumbleweed > Build20250302 > textmode > x86_64
Machine:  64bit
YAML_SCHEDULE:  
Schedule:  
Failed Modules: 
-----------------------------------
Parsed job: https://openqa.opensuse.org/tests/4894905 | with path: O3 > Job Groups >  > openSUSE Tumbleweed > Build20250302 > tomcat > x86_64
Machine:  64bit
YAML_SCHEDULE:  schedule/functional/tomcat.yaml
Schedule:  
Failed Modules: 
-----------------------------------
Parsed job: https://openqa.opensuse.org/tests/4894719 | with path: O3 > Job Groups >  > openSUSE Tumbleweed > Build20250302 > toolchain_zypper > x86_64
Machine:  64bit
YAML_SCHEDULE:  schedule/functional/toolchain.yaml
Schedule:  
Failed Modules: 
-----------------------------------
Parsed job: https://openqa.opensuse.org/tests/4894665 | with path: O3 > Job Groups >  > openSUSE Tumbleweed > Build20250302 > toolkits > x86_64
Machine:  64bit
YAML_SCHEDULE:  schedule/functional/extra_tests_toolkits.yaml
Schedule:  
Failed Modules: 
-----------------------------------
Parsed job: https://openqa.opensuse.org/tests/4894919 | with path: O3 > Job Groups >  > openSUSE Tumbleweed > Build20250302 > toolkits-kde > x86_64
Machine:  64bit
YAML_SCHEDULE:  schedule/functional/extra_tests_toolkits.yaml
Schedule:  
Failed Modules: 
-----------------------------------
Parsed job: https://openqa.opensuse.org/tests/4894641 | with path: O3 > Job Groups >  > openSUSE Tumbleweed > Build20250302 > uefi > x86_64
Machine:  64bit
YAML_SCHEDULE:  
Schedule:  
Failed Modules: 
-----------------------------------
Parsed job: https://openqa.opensuse.org/tests/4894619 | with path: O3 > Job Groups >  > openSUSE Tumbleweed > Build20250302 > uefi@USBboot_64 > x86_64
Machine:  USBboot_64
YAML_SCHEDULE:  
Schedule:  
Failed Modules: 
-----------------------------------
Parsed job: https://openqa.opensuse.org/tests/4894650 | with path: O3 > Job Groups >  > openSUSE Tumbleweed > Build20250302 > uefi-os > x86_64
Machine:  64bit
YAML_SCHEDULE:  
Schedule:  
Failed Modules: 
-----------------------------------
Parsed job: https://openqa.opensuse.org/tests/4894621 | with path: O3 > Job Groups >  > openSUSE Tumbleweed > Build20250302 > unlock_luks2_volume_with_tpm2 > x86_64
Machine:  64bit
YAML_SCHEDULE:  schedule/security/autoyast_btrfs_luks2_tw.yaml
Schedule:  
Failed Modules: 
-----------------------------------
Parsed job: https://openqa.opensuse.org/tests/4894825 | with path: O3 > Job Groups >  > openSUSE Tumbleweed > Build20250302 > upgrade_Leap_15.0_cryptlvm@uefi > x86_64
Machine:  uefi
YAML_SCHEDULE:  
Schedule:  
Failed Modules: 
-----------------------------------
Parsed job: https://openqa.opensuse.org/tests/4894817 | with path: O3 > Job Groups >  > openSUSE Tumbleweed > Build20250302 > upgrade_Leap_15.0_gnome > x86_64
Machine:  64bit
YAML_SCHEDULE:  
Schedule:  
Failed Modules: 
-----------------------------------
Parsed job: https://openqa.opensuse.org/tests/4895156 | with path: O3 > Job Groups >  > openSUSE Tumbleweed > Build20250302 > upgrade_Leap_15.0_kde > x86_64
Machine:  64bit
YAML_SCHEDULE:  
Schedule:  
Failed Modules: 
-----------------------------------
Parsed job: https://openqa.opensuse.org/tests/4894819 | with path: O3 > Job Groups >  > openSUSE Tumbleweed > Build20250302 > upgrade_Leap_15.1_gnome > x86_64
Machine:  64bit
YAML_SCHEDULE:  
Schedule:  
Failed Modules: 
-----------------------------------
Parsed job: https://openqa.opensuse.org/tests/4895155 | with path: O3 > Job Groups >  > openSUSE Tumbleweed > Build20250302 > upgrade_Leap_15.1_kde > x86_64
Machine:  64bit
YAML_SCHEDULE:  
Schedule:  
Failed Modules: 
-----------------------------------
Parsed job: https://openqa.opensuse.org/tests/4894826 | with path: O3 > Job Groups >  > openSUSE Tumbleweed > Build20250302 > upgrade_Leap_15.2_cryptlvm@uefi > x86_64
Machine:  uefi
YAML_SCHEDULE:  
Schedule:  
Failed Modules: 
-----------------------------------
Parsed job: https://openqa.opensuse.org/tests/4894820 | with path: O3 > Job Groups >  > openSUSE Tumbleweed > Build20250302 > upgrade_Leap_15.2_gnome > x86_64
Machine:  64bit
YAML_SCHEDULE:  
Schedule:  
Failed Modules: 
-----------------------------------
Parsed job: https://openqa.opensuse.org/tests/4894821 | with path: O3 > Job Groups >  > openSUSE Tumbleweed > Build20250302 > upgrade_Leap_15.2_kde > x86_64
Machine:  64bit
YAML_SCHEDULE:  
Schedule:  
Failed Modules: 
-----------------------------------
Parsed job: https://openqa.opensuse.org/tests/4894822 | with path: O3 > Job Groups >  > openSUSE Tumbleweed > Build20250302 > upgrade_Leap_15.2_with_service_check > x86_64
Machine:  64bit
YAML_SCHEDULE:  schedule/migration/nested_vm.yaml
Schedule:  
Failed Modules: 
-----------------------------------
Parsed job: https://openqa.opensuse.org/tests/4894823 | with path: O3 > Job Groups >  > openSUSE Tumbleweed > Build20250302 > upgrade_Leap_15.2_with_service_check_nested_vm_down > x86_64
Machine:  64bit
YAML_SCHEDULE:  schedule/migration/nested_vm.yaml
Schedule:  
Failed Modules: 
-----------------------------------
Parsed job: https://openqa.opensuse.org/tests/4894815 | with path: O3 > Job Groups >  > openSUSE Tumbleweed > Build20250302 > upgrade_Leap_15.3_gnome > x86_64
Machine:  64bit
YAML_SCHEDULE:  
Schedule:  
Failed Modules: 
-----------------------------------
Parsed job: https://openqa.opensuse.org/tests/4894816 | with path: O3 > Job Groups >  > openSUSE Tumbleweed > Build20250302 > upgrade_Leap_15.3_kde > x86_64
Machine:  64bit
YAML_SCHEDULE:  
Schedule:  
Failed Modules: 
-----------------------------------
Parsed job: https://openqa.opensuse.org/tests/4894806 | with path: O3 > Job Groups >  > openSUSE Tumbleweed > Build20250302 > upgrade_Leap_15.5_gnome > x86_64
Machine:  64bit
YAML_SCHEDULE:  
Schedule:  
Failed Modules: 
-----------------------------------
Parsed job: https://openqa.opensuse.org/tests/4894808 | with path: O3 > Job Groups >  > openSUSE Tumbleweed > Build20250302 > upgrade_Leap_15.5_kde > x86_64
Machine:  64bit
YAML_SCHEDULE:  
Schedule:  
Failed Modules: 
-----------------------------------
Parsed job: https://openqa.opensuse.org/tests/4894811 | with path: O3 > Job Groups >  > openSUSE Tumbleweed > Build20250302 > upgrade_Leap_15.6_gnome > x86_64
Machine:  64bit
YAML_SCHEDULE:  
Schedule:  
Failed Modules: 
-----------------------------------
Parsed job: https://openqa.opensuse.org/tests/4894812 | with path: O3 > Job Groups >  > openSUSE Tumbleweed > Build20250302 > upgrade_Leap_15.6_kde > x86_64
Machine:  64bit
YAML_SCHEDULE:  
Schedule:  
Failed Modules: 
-----------------------------------
Parsed job: https://openqa.opensuse.org/tests/4894824 | with path: O3 > Job Groups >  > openSUSE Tumbleweed > Build20250302 > upgrade_boot-into_snapshot_rollback_Leap_15.1_gnome > x86_64
Machine:  64bit
YAML_SCHEDULE:  schedule/functional/upgrade_Leap_15.1_gnome.yaml
Schedule:  
Failed Modules: 
-----------------------------------
Parsed job: https://openqa.opensuse.org/tests/4894957 | with path: O3 > Job Groups >  > openSUSE Tumbleweed > Build20250302 > virtualization > x86_64
Machine:  64bit
YAML_SCHEDULE:  schedule/virtualization/virtualization.yaml
Schedule:  
Failed Modules: 
-----------------------------------
Parsed job: https://openqa.opensuse.org/tests/4894709 | with path: O3 > Job Groups >  > openSUSE Tumbleweed > Build20250302 > wicked_basic_ref > x86_64
Machine:  64bit
YAML_SCHEDULE:  
Schedule:  
Failed Modules: 
-----------------------------------
Parsed job: https://openqa.opensuse.org/tests/4894954 | with path: O3 > Job Groups >  > openSUSE Tumbleweed > Build20250302 > wicked_basic_sut > x86_64
Machine:  64bit
YAML_SCHEDULE:  
Schedule:  
Failed Modules: 
-----------------------------------
Parsed job: https://openqa.opensuse.org/tests/4894962 | with path: O3 > Job Groups >  > openSUSE Tumbleweed > Build20250302 > wireguard_client > x86_64
Machine:  64bit
YAML_SCHEDULE:  schedule/functional/wireguard.yaml
Schedule:  
Failed Modules: 
-----------------------------------
Parsed job: https://openqa.opensuse.org/tests/4894764 | with path: O3 > Job Groups >  > openSUSE Tumbleweed > Build20250302 > wireguard_server > x86_64
Machine:  64bit
YAML_SCHEDULE:  schedule/functional/wireguard.yaml
Schedule:  
Failed Modules: 
-----------------------------------
Parsed job: https://openqa.opensuse.org/tests/4894647 | with path: O3 > Job Groups >  > openSUSE Tumbleweed > Build20250302 > xfce > x86_64
Machine:  64bit
YAML_SCHEDULE:  
Schedule:  
Failed Modules: 
-----------------------------------
Parsed job: https://openqa.opensuse.org/tests/4894625 | with path: O3 > Job Groups >  > openSUSE Tumbleweed > Build20250302 > xfs > x86_64
Machine:  64bit
YAML_SCHEDULE:  schedule/yast/opensuse/xfs/xfs.yaml
Schedule:  
Failed Modules: 
-----------------------------------
Parsed job: https://openqa.opensuse.org/tests/4894745 | with path: O3 > Job Groups >  > openSUSE Tumbleweed > Build20250302 > xfs_textmode > x86_64
Machine:  64bit
YAML_SCHEDULE:  schedule/yast/opensuse/xfs/xfs_textmode.yaml
Schedule:  
Failed Modules: 
-----------------------------------
Parsed job: https://openqa.opensuse.org/tests/4894840 | with path: O3 > Job Groups >  > openSUSE Tumbleweed > Build20250302 > yast2_apparmor > x86_64
Machine:  64bit
YAML_SCHEDULE:  schedule/security/yast2_apparmor.yaml
Schedule:  
Failed Modules: 
-----------------------------------
Parsed job: https://openqa.opensuse.org/tests/4894956 | with path: O3 > Job Groups >  > openSUSE Tumbleweed > Build20250302 > yast2_firstboot > x86_64
Machine:  64bit
YAML_SCHEDULE:  schedule/yast/opensuse/firstboot/yast2_firstboot.yaml
Schedule:  
Failed Modules: 
-----------------------------------
Parsed job: https://openqa.opensuse.org/tests/4894903 | with path: O3 > Job Groups >  > openSUSE Tumbleweed > Build20250302 > yast2_firstboot_custom > x86_64
Machine:  64bit
YAML_SCHEDULE:  schedule/yast/opensuse/firstboot/yast2_firstboot_custom.yaml
Schedule:  
Failed Modules: 
-----------------------------------
Parsed job: https://openqa.opensuse.org/tests/4894921 | with path: O3 > Job Groups >  > openSUSE Tumbleweed > Build20250302 > yast2_gui > x86_64
Machine:  64bit
YAML_SCHEDULE:  schedule/yast/opensuse/yast2_gui/yast2_gui.yaml
Schedule:  
Failed Modules: 
-----------------------------------
Parsed job: https://openqa.opensuse.org/tests/4894900 | with path: O3 > Job Groups >  > openSUSE Tumbleweed > Build20250302 > yast2_ncurses > x86_64
Machine:  64bit
YAML_SCHEDULE:  schedule/yast/opensuse/yast2_ncurses/yast2_ncurses.yaml
Schedule:  
Failed Modules: 
-----------------------------------
Parsed job: https://openqa.opensuse.org/tests/4894993 | with path: O3 > Job Groups >  > openSUSE Tumbleweed > Build20250302 > yast2_nfs_v4_client > x86_64
Machine:  64bit
YAML_SCHEDULE:  schedule/yast/opensuse/nfs/yast2_nfs_v4_client.yaml
Schedule:  
Failed Modules: 
-----------------------------------
Parsed job: https://openqa.opensuse.org/tests/4894904 | with path: O3 > Job Groups >  > openSUSE Tumbleweed > Build20250302 > yast2_nfs_v4_server > x86_64
Machine:  64bit
YAML_SCHEDULE:  schedule/yast/opensuse/nfs/yast2_nfs_v4_server.yaml
Schedule:  
Failed Modules: 
-----------------------------------
Parsed job: https://openqa.opensuse.org/tests/4894753 | with path: O3 > Job Groups >  > openSUSE Tumbleweed > Build20250302 > yast2_ui_devel > x86_64
Machine:  64bit
YAML_SCHEDULE:  
Schedule:  
Failed Modules: 
-----------------------------------
Parsed job: https://openqa.opensuse.org/tests/4894732 | with path: O3 > Job Groups >  > openSUSE Tumbleweed > Build20250302 > yast2_users > x86_64
Machine:  64bit
YAML_SCHEDULE:  schedule/security/yast2_users.yaml
Schedule:  
Failed Modules: 
-----------------------------------
Parsed job: https://openqa.opensuse.org/tests/4894671 | with path: O3 > Job Groups >  > openSUSE Tumbleweed > Build20250302 > yast_no_self_update > x86_64
Machine:  64bit
YAML_SCHEDULE:  schedule/yast/opensuse/yast_no_self_update/yast_no_self_update.yaml
Schedule:  
Failed Modules: 
-----------------------------------
Parsed job: https://openqa.opensuse.org/tests/4894748 | with path: O3 > Job Groups >  > openSUSE Tumbleweed > Build20250302 > yast_oneclick_install > x86_64
Machine:  64bit
YAML_SCHEDULE:  schedule/yast/opensuse/yast_oneclick_install.yaml
Schedule:  
Failed Modules: 
-----------------------------------
Parsed job: https://openqa.opensuse.org/tests/4895027 | with path: O3 > Job Groups >  > openSUSE Tumbleweed > Build20250302 > gnome-live@64bit-4G > x86_64
Machine:  64bit-4G
YAML_SCHEDULE:  
Schedule:  
Failed Modules: 
-----------------------------------
Parsed job: https://openqa.opensuse.org/tests/4895029 | with path: O3 > Job Groups >  > openSUSE Tumbleweed > Build20250302 > gnome-live@USBboot_64-3G > x86_64
Machine:  USBboot_64-3G
YAML_SCHEDULE:  
Schedule:  
Failed Modules: 
-----------------------------------
Parsed job: https://openqa.opensuse.org/tests/4895028 | with path: O3 > Job Groups >  > openSUSE Tumbleweed > Build20250302 > gnome-live@uefi > x86_64
Machine:  uefi
YAML_SCHEDULE:  
Schedule:  
Failed Modules: 
-----------------------------------
Parsed job: https://openqa.opensuse.org/tests/4895026 | with path: O3 > Job Groups >  > openSUSE Tumbleweed > Build20250302 > gnome-live@uefi-usb-4G > x86_64
Machine:  uefi-usb-4G
YAML_SCHEDULE:  
Schedule:  
Failed Modules: 
-----------------------------------
Parsed job: https://openqa.opensuse.org/tests/4895025 | with path: O3 > Job Groups >  > openSUSE Tumbleweed > Build20250302 > mediacheck > x86_64
Machine:  64bit
YAML_SCHEDULE:  schedule/yast/opensuse/mediacheck.yaml
Schedule:  
Failed Modules: 
-----------------------------------
Parsed job: https://openqa.opensuse.org/tests/4895016 | with path: O3 > Job Groups >  > openSUSE Tumbleweed > Build20250302 > jeos-no-cloud@64bit_virtio > x86_64
Machine:  64bit_virtio
YAML_SCHEDULE:  
Schedule:  
Failed Modules: 
-----------------------------------
Parsed job: https://openqa.opensuse.org/tests/4894996 | with path: O3 > Job Groups >  > openSUSE Tumbleweed > Build20250302 > jeos@64bit_virtio > x86_64
Machine:  64bit_virtio
YAML_SCHEDULE:  
Schedule:  
Failed Modules: 
-----------------------------------
Parsed job: https://openqa.opensuse.org/tests/4895009 | with path: O3 > Job Groups >  > openSUSE Tumbleweed > Build20250302 > jeos@uefi_virtio-2G > x86_64
Machine:  uefi_virtio-2G
YAML_SCHEDULE:  
Schedule:  
Failed Modules: 
-----------------------------------
Parsed job: https://openqa.opensuse.org/tests/4895011 | with path: O3 > Job Groups >  > openSUSE Tumbleweed > Build20250302 > jeos-apparmor@64bit_virtio-2G > x86_64
Machine:  64bit_virtio-2G
YAML_SCHEDULE:  
Schedule:  
Failed Modules: 
-----------------------------------
Parsed job: https://openqa.opensuse.org/tests/4894995 | with path: O3 > Job Groups >  > openSUSE Tumbleweed > Build20250302 > jeos-combustion@64bit_virtio > x86_64
Machine:  64bit_virtio
YAML_SCHEDULE:  
Schedule:  
Failed Modules: 
-----------------------------------
Parsed job: https://openqa.opensuse.org/tests/4895004 | with path: O3 > Job Groups >  > openSUSE Tumbleweed > Build20250302 > jeos-container_host@64bit_virtio-2G > x86_64
Machine:  64bit_virtio-2G
YAML_SCHEDULE:  
Schedule:  
Failed Modules: 
-----------------------------------
Parsed job: https://openqa.opensuse.org/tests/4895005 | with path: O3 > Job Groups >  > openSUSE Tumbleweed > Build20250302 > jeos-container_image@64bit_virtio-2G > x86_64
Machine:  64bit_virtio-2G
YAML_SCHEDULE:  
Schedule:  
Failed Modules: 
-----------------------------------
Parsed job: https://openqa.opensuse.org/tests/4895010 | with path: O3 > Job Groups >  > openSUSE Tumbleweed > Build20250302 > jeos-extra@64bit_virtio-4G > x86_64
Machine:  64bit_virtio-4G
YAML_SCHEDULE:  
Schedule:  
Failed Modules: 
-----------------------------------
Parsed job: https://openqa.opensuse.org/tests/4895007 | with path: O3 > Job Groups >  > openSUSE Tumbleweed > Build20250302 > jeos-filesystem@64bit_virtio > x86_64
Machine:  64bit_virtio
YAML_SCHEDULE:  
Schedule:  
Failed Modules: 
-----------------------------------
Parsed job: https://openqa.opensuse.org/tests/4895012 | with path: O3 > Job Groups >  > openSUSE Tumbleweed > Build20250302 > jeos-fips@64bit_virtio > x86_64
Machine:  64bit_virtio
YAML_SCHEDULE:  
Schedule:  
Failed Modules: 
-----------------------------------
Parsed job: https://openqa.opensuse.org/tests/4895003 | with path: O3 > Job Groups >  > openSUSE Tumbleweed > Build20250302 > jeos-fips-container_host@64bit_virtio-2G > x86_64
Machine:  64bit_virtio-2G
YAML_SCHEDULE:  
Schedule:  
Failed Modules: 
-----------------------------------
Parsed job: https://openqa.opensuse.org/tests/4894997 | with path: O3 > Job Groups >  > openSUSE Tumbleweed > Build20250302 > jeos-ltp-commands@uefi_virtio-2G > x86_64
Machine:  uefi_virtio-2G
YAML_SCHEDULE:  
Schedule:  
Failed Modules: 
-----------------------------------
Parsed job: https://openqa.opensuse.org/tests/4894998 | with path: O3 > Job Groups >  > openSUSE Tumbleweed > Build20250302 > jeos-ltp-containers@uefi_virtio-2G > x86_64
Machine:  uefi_virtio-2G
YAML_SCHEDULE:  
Schedule:  
Failed Modules: 
-----------------------------------
Parsed job: https://openqa.opensuse.org/tests/4894999 | with path: O3 > Job Groups >  > openSUSE Tumbleweed > Build20250302 > jeos-ltp-cve@uefi_virtio-2G > x86_64
Machine:  uefi_virtio-2G
YAML_SCHEDULE:  
Schedule:  
Failed Modules: 
-----------------------------------
Parsed job: https://openqa.opensuse.org/tests/4895000 | with path: O3 > Job Groups >  > openSUSE Tumbleweed > Build20250302 > jeos-ltp-dio@uefi_virtio-2G > x86_64
Machine:  uefi_virtio-2G
YAML_SCHEDULE:  
Schedule:  
Failed Modules: 
-----------------------------------
Parsed job: https://openqa.opensuse.org/tests/4895014 | with path: O3 > Job Groups >  > openSUSE Tumbleweed > Build20250302 > jeos-ltp-ima@uefi_virtio-2G > x86_64
Machine:  uefi_virtio-2G
YAML_SCHEDULE:  
Schedule:  
Failed Modules: 
-----------------------------------
Parsed job: https://openqa.opensuse.org/tests/4895001 | with path: O3 > Job Groups >  > openSUSE Tumbleweed > Build20250302 > jeos-ltp-syscalls@uefi_virtio-2G > x86_64
Machine:  uefi_virtio-2G
YAML_SCHEDULE:  
Schedule:  
Failed Modules: 
-----------------------------------
Parsed job: https://openqa.opensuse.org/tests/4895002 | with path: O3 > Job Groups >  > openSUSE Tumbleweed > Build20250302 > jeos-ltp-syscalls-ipc@uefi_virtio-2G > x86_64
Machine:  uefi_virtio-2G
YAML_SCHEDULE:  
Schedule:  
Failed Modules: 
-----------------------------------
Parsed job: https://openqa.opensuse.org/tests/4895006 | with path: O3 > Job Groups >  > openSUSE Tumbleweed > Build20250302 > jeos-nosb@uefi_virtio-2G > x86_64
Machine:  uefi_virtio-2G
YAML_SCHEDULE:  
Schedule:  
Failed Modules: 
-----------------------------------
Parsed job: https://openqa.opensuse.org/tests/4895013 | with path: O3 > Job Groups >  > openSUSE Tumbleweed > Build20250302 > jeos-selinux@64bit_virtio-2G > x86_64
Machine:  64bit_virtio-2G
YAML_SCHEDULE:  schedule/security/selinux_jeos.yaml
Schedule:  
Failed Modules: 
-----------------------------------
Parsed job: https://openqa.opensuse.org/tests/4894994 | with path: O3 > Job Groups >  > openSUSE Tumbleweed > Build20250302 > jeos-ssh-enroll-server > x86_64
Machine:  64bit
YAML_SCHEDULE:  schedule/jeos/supportserver.yaml
Schedule:  
Failed Modules: 
-----------------------------------
Parsed job: https://openqa.opensuse.org/tests/4895015 | with path: O3 > Job Groups >  > openSUSE Tumbleweed > Build20250302 > jeos-ssh-enroll-wizard > x86_64
Machine:  64bit
YAML_SCHEDULE:  schedule/jeos/ssh-enroll.yaml
Schedule:  
Failed Modules: 
-----------------------------------
Parsed job: https://openqa.opensuse.org/tests/4895008 | with path: O3 > Job Groups >  > openSUSE Tumbleweed > Build20250302 > zdup_twjeos2twnext@64bit_virtio > x86_64
Machine:  64bit_virtio
YAML_SCHEDULE:  
Schedule:  
Failed Modules: 
-----------------------------------
Parsed job: https://openqa.opensuse.org/tests/4895017 | with path: O3 > Job Groups >  > openSUSE Tumbleweed > Build20250302 > jeos@uefi_virtio-2G > x86_64
Machine:  uefi_virtio-2G
YAML_SCHEDULE:  
Schedule:  
Failed Modules: 
-----------------------------------
Parsed job: https://openqa.opensuse.org/tests/4895021 | with path: O3 > Job Groups >  > openSUSE Tumbleweed > Build20250302 > jeos@uefi_virtio-2G > x86_64
Machine:  uefi_virtio-2G
YAML_SCHEDULE:  
Schedule:  
Failed Modules: 
-----------------------------------
Parsed job: https://openqa.opensuse.org/tests/4895018 | with path: O3 > Job Groups >  > openSUSE Tumbleweed > Build20250302 > jeos-combustion-fde@uefi > x86_64
Machine:  uefi
YAML_SCHEDULE:  
Schedule:  
Failed Modules: 
-----------------------------------
Parsed job: https://openqa.opensuse.org/tests/4895020 | with path: O3 > Job Groups >  > openSUSE Tumbleweed > Build20250302 > jeos-fde@uefi > x86_64
Machine:  uefi
YAML_SCHEDULE:  
Schedule:  
Failed Modules: 
-----------------------------------
Parsed job: https://openqa.opensuse.org/tests/4895036 | with path: O3 > Job Groups >  > openSUSE Tumbleweed > Build20250302 > kde-live@64bit-3G > x86_64
Machine:  64bit-3G
YAML_SCHEDULE:  
Schedule:  
Failed Modules: 
-----------------------------------
Parsed job: https://openqa.opensuse.org/tests/4895032 | with path: O3 > Job Groups >  > openSUSE Tumbleweed > Build20250302 > kde-live@USBboot_64-3G > x86_64
Machine:  USBboot_64-3G
YAML_SCHEDULE:  
Schedule:  
Failed Modules: 
-----------------------------------
Parsed job: https://openqa.opensuse.org/tests/4895038 | with path: O3 > Job Groups >  > openSUSE Tumbleweed > Build20250302 > kde-live@uefi-3G > x86_64
Machine:  uefi-3G
YAML_SCHEDULE:  
Schedule:  
Failed Modules: 
-----------------------------------
Parsed job: https://openqa.opensuse.org/tests/4895033 | with path: O3 > Job Groups >  > openSUSE Tumbleweed > Build20250302 > kde-live@uefi-usb-4G > x86_64
Machine:  uefi-usb-4G
YAML_SCHEDULE:  
Schedule:  
Failed Modules: 
-----------------------------------
Parsed job: https://openqa.opensuse.org/tests/4895030 | with path: O3 > Job Groups >  > openSUSE Tumbleweed > Build20250302 > kde-live-wayland@64bit_virtio-3G > x86_64
Machine:  64bit_virtio-3G
YAML_SCHEDULE:  
Schedule:  
Failed Modules: 
-----------------------------------
Parsed job: https://openqa.opensuse.org/tests/4895037 | with path: O3 > Job Groups >  > openSUSE Tumbleweed > Build20250302 > kde-live_installation@64bit-3G > x86_64
Machine:  64bit-3G
YAML_SCHEDULE:  
Schedule:  
Failed Modules: 
-----------------------------------
Parsed job: https://openqa.opensuse.org/tests/4895039 | with path: O3 > Job Groups >  > openSUSE Tumbleweed > Build20250302 > kde-live_installation@uefi-3G > x86_64
Machine:  uefi-3G
YAML_SCHEDULE:  
Schedule:  
Failed Modules: 
-----------------------------------
Parsed job: https://openqa.opensuse.org/tests/4895040 | with path: O3 > Job Groups >  > openSUSE Tumbleweed > Build20250302 > kde_live_upgrade_leap_15.0 > x86_64
Machine:  64bit
YAML_SCHEDULE:  
Schedule:  
Failed Modules: 
-----------------------------------
Parsed job: https://openqa.opensuse.org/tests/4895042 | with path: O3 > Job Groups >  > openSUSE Tumbleweed > Build20250302 > kde_live_upgrade_leap_15.2@uefi > x86_64
Machine:  uefi
YAML_SCHEDULE:  
Schedule:  
Failed Modules: 
-----------------------------------
Parsed job: https://openqa.opensuse.org/tests/4895041 | with path: O3 > Job Groups >  > openSUSE Tumbleweed > Build20250302 > kde_live_upgrade_leap_15.3 > x86_64
Machine:  64bit
YAML_SCHEDULE:  
Schedule:  
Failed Modules: 
-----------------------------------
Parsed job: https://openqa.opensuse.org/tests/4895034 | with path: O3 > Job Groups >  > openSUSE Tumbleweed > Build20250302 > kde_live_upgrade_leap_15.5 > x86_64
Machine:  64bit
YAML_SCHEDULE:  
Schedule:  
Failed Modules: 
-----------------------------------
Parsed job: https://openqa.opensuse.org/tests/4895035 | with path: O3 > Job Groups >  > openSUSE Tumbleweed > Build20250302 > kde_live_upgrade_leap_15.6 > x86_64
Machine:  64bit
YAML_SCHEDULE:  
Schedule:  
Failed Modules: 
-----------------------------------
Parsed job: https://openqa.opensuse.org/tests/4895031 | with path: O3 > Job Groups >  > openSUSE Tumbleweed > Build20250302 > mediacheck > x86_64
Machine:  64bit
YAML_SCHEDULE:  schedule/yast/opensuse/mediacheck.yaml
Schedule:  
Failed Modules: 
-----------------------------------
Parsed job: https://openqa.opensuse.org/tests/4894578 | with path: O3 > Job Groups >  > openSUSE Tumbleweed > Build20250302 > RAID0_gpt > x86_64
Machine:  64bit
YAML_SCHEDULE:  schedule/yast/opensuse/raid/raid0_gpt.yaml
Schedule:  
Failed Modules: 
-----------------------------------
Parsed job: https://openqa.opensuse.org/tests/4894603 | with path: O3 > Job Groups >  > openSUSE Tumbleweed > Build20250302 > RAID10_gpt > x86_64
Machine:  64bit
YAML_SCHEDULE:  schedule/yast/opensuse/raid/raid10_gpt.yaml
Schedule:  
Failed Modules: 
-----------------------------------
Parsed job: https://openqa.opensuse.org/tests/4894579 | with path: O3 > Job Groups >  > openSUSE Tumbleweed > Build20250302 > RAID1_gpt > x86_64
Machine:  64bit
YAML_SCHEDULE:  schedule/yast/opensuse/raid/raid1_gpt.yaml
Schedule:  
Failed Modules: 
-----------------------------------
Parsed job: https://openqa.opensuse.org/tests/4894580 | with path: O3 > Job Groups >  > openSUSE Tumbleweed > Build20250302 > RAID5_gpt > x86_64
Machine:  64bit
YAML_SCHEDULE:  schedule/yast/opensuse/raid/raid5_gpt.yaml
Schedule:  
Failed Modules: 
-----------------------------------
Parsed job: https://openqa.opensuse.org/tests/4894568 | with path: O3 > Job Groups >  > openSUSE Tumbleweed > Build20250302 > autoyast_gnome > x86_64
Machine:  64bit
YAML_SCHEDULE:  
Schedule:  
Failed Modules: 
-----------------------------------
Parsed job: https://openqa.opensuse.org/tests/4894584 | with path: O3 > Job Groups >  > openSUSE Tumbleweed > Build20250302 > containers_tw_image_on_centos_host > x86_64
Machine:  64bit
YAML_SCHEDULE:  
Schedule:  
Failed Modules: 
-----------------------------------
Parsed job: https://openqa.opensuse.org/tests/4894585 | with path: O3 > Job Groups >  > openSUSE Tumbleweed > Build20250302 > containers_tw_image_on_ubuntu_host > x86_64
Machine:  64bit
YAML_SCHEDULE:  
Schedule:  
Failed Modules: 
-----------------------------------
Parsed job: https://openqa.opensuse.org/tests/4894571 | with path: O3 > Job Groups >  > openSUSE Tumbleweed > Build20250302 > create_hdd_minimalx > x86_64
Machine:  64bit
YAML_SCHEDULE:  
Schedule:  
Failed Modules: 
-----------------------------------
Parsed job: https://openqa.opensuse.org/tests/4894599 | with path: O3 > Job Groups >  > openSUSE Tumbleweed > Build20250302 > create_hdd_tumbleweed@64bit-3G > x86_64
Machine:  64bit-3G
YAML_SCHEDULE:  
Schedule:  
Failed Modules: 
-----------------------------------
Parsed job: https://openqa.opensuse.org/tests/4894600 | with path: O3 > Job Groups >  > openSUSE Tumbleweed > Build20250302 > create_hdd_tumbleweed_kde@64bit-3G > x86_64
Machine:  64bit-3G
YAML_SCHEDULE:  
Schedule:  
Failed Modules: 
-----------------------------------
Parsed job: https://openqa.opensuse.org/tests/4894565 | with path: O3 > Job Groups >  > openSUSE Tumbleweed > Build20250302 > cryptlvm > x86_64
Machine:  64bit
YAML_SCHEDULE:  
Schedule:  
Failed Modules: 
-----------------------------------
Parsed job: https://openqa.opensuse.org/tests/4894561 | with path: O3 > Job Groups >  > openSUSE Tumbleweed > Build20250302 > gnome@Laptop_64 > x86_64
Machine:  Laptop_64
YAML_SCHEDULE:  
Schedule:  
Failed Modules: 
-----------------------------------
Parsed job: https://openqa.opensuse.org/tests/4894581 | with path: O3 > Job Groups >  > openSUSE Tumbleweed > Build20250302 > gnome+apparmor@uefi > x86_64
Machine:  uefi
YAML_SCHEDULE:  
Schedule:  
Failed Modules: 
-----------------------------------
Parsed job: https://openqa.opensuse.org/tests/4894590 | with path: O3 > Job Groups >  > openSUSE Tumbleweed > Build20250302 > gnome+selinux@uefi > x86_64
Machine:  uefi
YAML_SCHEDULE:  
Schedule:  
Failed Modules: 
-----------------------------------
Parsed job: https://openqa.opensuse.org/tests/4894575 | with path: O3 > Job Groups >  > openSUSE Tumbleweed > Build20250302 > gnome-gdm > x86_64
Machine:  64bit
YAML_SCHEDULE:  
Schedule:  
Failed Modules: 
-----------------------------------
Parsed job: https://openqa.opensuse.org/tests/4894566 | with path: O3 > Job Groups >  > openSUSE Tumbleweed > Build20250302 > install_only@smp_64 > x86_64
Machine:  smp_64
YAML_SCHEDULE:  
Schedule:  
Failed Modules: 
-----------------------------------
Parsed job: https://openqa.opensuse.org/tests/4894557 | with path: O3 > Job Groups >  > openSUSE Tumbleweed > Build20250302 > kde > x86_64
Machine:  64bit
YAML_SCHEDULE:  
Schedule:  
Failed Modules: 
-----------------------------------
Parsed job: https://openqa.opensuse.org/tests/4894559 | with path: O3 > Job Groups >  > openSUSE Tumbleweed > Build20250302 > kde@Laptop_64 > x86_64
Machine:  Laptop_64
YAML_SCHEDULE:  
Schedule:  
Failed Modules: 
-----------------------------------
Parsed job: https://openqa.opensuse.org/tests/4894558 | with path: O3 > Job Groups >  > openSUSE Tumbleweed > Build20250302 > kde@USBboot_64 > x86_64
Machine:  USBboot_64
YAML_SCHEDULE:  
Schedule:  
Failed Modules: 
-----------------------------------
Parsed job: https://openqa.opensuse.org/tests/4894582 | with path: O3 > Job Groups >  > openSUSE Tumbleweed > Build20250302 > kde+apparmor@uefi > x86_64
Machine:  uefi
YAML_SCHEDULE:  
Schedule:  
Failed Modules: 
-----------------------------------
Parsed job: https://openqa.opensuse.org/tests/4894591 | with path: O3 > Job Groups >  > openSUSE Tumbleweed > Build20250302 > kde+selinux@uefi > x86_64
Machine:  uefi
YAML_SCHEDULE:  
Schedule:  
Failed Modules: 
-----------------------------------
Parsed job: https://openqa.opensuse.org/tests/4894576 | with path: O3 > Job Groups >  > openSUSE Tumbleweed > Build20250302 > kde_dual_windows10@uefi_win > x86_64
Machine:  uefi_win
YAML_SCHEDULE:  
Schedule:  
Failed Modules: 
-----------------------------------
Parsed job: https://openqa.opensuse.org/tests/4894577 | with path: O3 > Job Groups >  > openSUSE Tumbleweed > Build20250302 > lvm-encrypt-separate-boot > x86_64
Machine:  64bit
YAML_SCHEDULE:  schedule/yast/opensuse/encryption/lvm_encrypt_separate_boot.yaml
Schedule:  
Failed Modules: 
-----------------------------------
Parsed job: https://openqa.opensuse.org/tests/4894563 | with path: O3 > Job Groups >  > openSUSE Tumbleweed > Build20250302 > lxde > x86_64
Machine:  64bit
YAML_SCHEDULE:  
Schedule:  
Failed Modules: 
-----------------------------------
Parsed job: https://openqa.opensuse.org/tests/4894562 | with path: O3 > Job Groups >  > openSUSE Tumbleweed > Build20250302 > minimalx > x86_64
Machine:  64bit
YAML_SCHEDULE:  
Schedule:  
Failed Modules: 
-----------------------------------
Parsed job: https://openqa.opensuse.org/tests/4894602 | with path: O3 > Job Groups >  > openSUSE Tumbleweed > Build20250302 > otherDE_awesome > x86_64
Machine:  64bit
YAML_SCHEDULE:  
Schedule:  
Failed Modules: 
-----------------------------------
Parsed job: https://openqa.opensuse.org/tests/4894574 | with path: O3 > Job Groups >  > openSUSE Tumbleweed > Build20250302 > otherDE_enlightenment > x86_64
Machine:  64bit
YAML_SCHEDULE:  
Schedule:  
Failed Modules: 
-----------------------------------
Parsed job: https://openqa.opensuse.org/tests/4894573 | with path: O3 > Job Groups >  > openSUSE Tumbleweed > Build20250302 > otherDE_lxqt > x86_64
Machine:  64bit
YAML_SCHEDULE:  
Schedule:  
Failed Modules: 
-----------------------------------
Parsed job: https://openqa.opensuse.org/tests/4894572 | with path: O3 > Job Groups >  > openSUSE Tumbleweed > Build20250302 > otherDE_mate > x86_64
Machine:  64bit
YAML_SCHEDULE:  
Schedule:  
Failed Modules: 
-----------------------------------
Parsed job: https://openqa.opensuse.org/tests/4894556 | with path: O3 > Job Groups >  > openSUSE Tumbleweed > Build20250302 > textmode > x86_64
Machine:  64bit
YAML_SCHEDULE:  
Schedule:  
Failed Modules: 
-----------------------------------
Parsed job: https://openqa.opensuse.org/tests/4894583 | with path: O3 > Job Groups >  > openSUSE Tumbleweed > Build20250302 > textmode+apparmor@uefi > x86_64
Machine:  uefi
YAML_SCHEDULE:  
Schedule:  
Failed Modules: 
-----------------------------------
Parsed job: https://openqa.opensuse.org/tests/4894586 | with path: O3 > Job Groups >  > openSUSE Tumbleweed > Build20250302 > textmode+selinux@uefi > x86_64
Machine:  uefi
YAML_SCHEDULE:  
Schedule:  
Failed Modules: 
-----------------------------------
Parsed job: https://openqa.opensuse.org/tests/4894560 | with path: O3 > Job Groups >  > openSUSE Tumbleweed > Build20250302 > uefi > x86_64
Machine:  64bit
YAML_SCHEDULE:  
Schedule:  
Failed Modules: 
-----------------------------------
Parsed job: https://openqa.opensuse.org/tests/4894567 | with path: O3 > Job Groups >  > openSUSE Tumbleweed > Build20250302 > uefi-os > x86_64
Machine:  64bit
YAML_SCHEDULE:  
Schedule:  
Failed Modules: 
-----------------------------------
Parsed job: https://openqa.opensuse.org/tests/4894606 | with path: O3 > Job Groups >  > openSUSE Tumbleweed > Build20250302 > update_tw2twnext_gnome@64bit-3G > x86_64
Machine:  64bit-3G
YAML_SCHEDULE:  
Schedule:  
Failed Modules: 
-----------------------------------
Parsed job: https://openqa.opensuse.org/tests/4894607 | with path: O3 > Job Groups >  > openSUSE Tumbleweed > Build20250302 > update_tw2twnext_kde@64bit-3G > x86_64
Machine:  64bit-3G
YAML_SCHEDULE:  
Schedule:  
Failed Modules: 
-----------------------------------
Parsed job: https://openqa.opensuse.org/tests/4894594 | with path: O3 > Job Groups >  > openSUSE Tumbleweed > Build20250302 > upgrade_Leap_15.0_gnome > x86_64
Machine:  64bit
YAML_SCHEDULE:  
Schedule:  
Failed Modules: 
-----------------------------------
Parsed job: https://openqa.opensuse.org/tests/4894595 | with path: O3 > Job Groups >  > openSUSE Tumbleweed > Build20250302 > upgrade_Leap_15.0_kde > x86_64
Machine:  64bit
YAML_SCHEDULE:  
Schedule:  
Failed Modules: 
-----------------------------------
Parsed job: https://openqa.opensuse.org/tests/4894564 | with path: O3 > Job Groups >  > openSUSE Tumbleweed > Build20250302 > xfce > x86_64
Machine:  64bit
YAML_SCHEDULE:  
Schedule:  
Failed Modules: 
-----------------------------------
Parsed job: https://openqa.opensuse.org/tests/4895154 | with path: O3 > Job Groups >  > openSUSE Tumbleweed > Build20250302 > zdup-Leap-15.2-gnome > x86_64
Machine:  64bit
YAML_SCHEDULE:  
Schedule:  
Failed Modules: 
-----------------------------------
Parsed job: https://openqa.opensuse.org/tests/4894597 | with path: O3 > Job Groups >  > openSUSE Tumbleweed > Build20250302 > zdup-Leap-15.2-kde > x86_64
Machine:  64bit
YAML_SCHEDULE:  
Schedule:  
Failed Modules: 
-----------------------------------
Parsed job: https://openqa.opensuse.org/tests/4894598 | with path: O3 > Job Groups >  > openSUSE Tumbleweed > Build20250302 > zdup-Leap-15.3-gnome > x86_64
Machine:  64bit
YAML_SCHEDULE:  
Schedule:  
Failed Modules: 
-----------------------------------
Parsed job: https://openqa.opensuse.org/tests/4894593 | with path: O3 > Job Groups >  > openSUSE Tumbleweed > Build20250302 > zdup-Leap-15.3-kde > x86_64
Machine:  64bit
YAML_SCHEDULE:  
Schedule:  
Failed Modules: 
-----------------------------------
Parsed job: https://openqa.opensuse.org/tests/4895153 | with path: O3 > Job Groups >  > openSUSE Tumbleweed > Build20250302 > zdup-Leap-15.4-gnome > x86_64
Machine:  64bit
YAML_SCHEDULE:  
Schedule:  
Failed Modules: 
-----------------------------------
Parsed job: https://openqa.opensuse.org/tests/4894570 | with path: O3 > Job Groups >  > openSUSE Tumbleweed > Build20250302 > zdup-Leap-15.4-kde > x86_64
Machine:  64bit
YAML_SCHEDULE:  
Schedule:  
Failed Modules: 
-----------------------------------
Parsed job: https://openqa.opensuse.org/tests/4894587 | with path: O3 > Job Groups >  > openSUSE Tumbleweed > Build20250302 > zdup-Leap-15.5-gnome > x86_64
Machine:  64bit
YAML_SCHEDULE:  
Schedule:  
Failed Modules: 
-----------------------------------
Parsed job: https://openqa.opensuse.org/tests/4894588 | with path: O3 > Job Groups >  > openSUSE Tumbleweed > Build20250302 > zdup-Leap-15.5-kde > x86_64
Machine:  64bit
YAML_SCHEDULE:  
Schedule:  
Failed Modules: 
-----------------------------------
Parsed job: https://openqa.opensuse.org/tests/4894589 | with path: O3 > Job Groups >  > openSUSE Tumbleweed > Build20250302 > zdup-Leap-15.6-gnome > x86_64
Machine:  64bit
YAML_SCHEDULE:  
Schedule:  
Failed Modules: 
-----------------------------------
Parsed job: https://openqa.opensuse.org/tests/4894592 | with path: O3 > Job Groups >  > openSUSE Tumbleweed > Build20250302 > zdup-Leap-15.6-kde > x86_64
Machine:  64bit
YAML_SCHEDULE:  
Schedule:  
Failed Modules: 
-----------------------------------
Parsed job: https://openqa.opensuse.org/tests/4894604 | with path: O3 > Job Groups >  > openSUSE Tumbleweed > Build20250302 > zdup_in_x_tw2twnext_gnome@64bit-3G > x86_64
Machine:  64bit-3G
YAML_SCHEDULE:  
Schedule:  
Failed Modules: 
-----------------------------------
Parsed job: https://openqa.opensuse.org/tests/4894605 | with path: O3 > Job Groups >  > openSUSE Tumbleweed > Build20250302 > zdup_in_x_tw2twnext_kde@64bit-3G > x86_64
Machine:  64bit-3G
YAML_SCHEDULE:  
Schedule:  
Failed Modules: 
-----------------------------------
Parsed job: https://openqa.opensuse.org/tests/4894601 | with path: O3 > Job Groups >  > openSUSE Tumbleweed > Build20250302 > zdup_tw2twnext_gnome@64bit-3G > x86_64
Machine:  64bit-3G
YAML_SCHEDULE:  
Schedule:  
Failed Modules: 
-----------------------------------
Parsed job: https://openqa.opensuse.org/tests/4894608 | with path: O3 > Job Groups >  > openSUSE Tumbleweed > Build20250302 > zdup_tw2twnext_kde@64bit-3G > x86_64
Machine:  64bit-3G
YAML_SCHEDULE:  
Schedule:  
Failed Modules: 
-----------------------------------
Parsed job: https://openqa.opensuse.org/tests/4895023 | with path: O3 > Job Groups >  > openSUSE Tumbleweed > Build20250302 > mediacheck > x86_64
Machine:  64bit
YAML_SCHEDULE:  schedule/yast/opensuse/mediacheck.yaml
Schedule:  
Failed Modules: 
-----------------------------------
Parsed job: https://openqa.opensuse.org/tests/4895022 | with path: O3 > Job Groups >  > openSUSE Tumbleweed > Build20250302 > rescue > x86_64
Machine:  64bit
YAML_SCHEDULE:  
Schedule:  
Failed Modules: 
-----------------------------------
Parsed job: https://openqa.opensuse.org/tests/4895024 | with path: O3 > Job Groups >  > openSUSE Tumbleweed > Build20250302 > rescue@uefi-usb > x86_64
Machine:  uefi-usb
YAML_SCHEDULE:  
Schedule:  
Failed Modules: 
-----------------------------------
Parsed job: https://openqa.opensuse.org/tests/4895080 | with path: O3 > Job Groups >  > openSUSE Tumbleweed > Build20250302 > wsl-main@win10_64bit > x86_64
Machine:  win10_64bit
YAML_SCHEDULE:  schedule/wsl/wsl_main.yaml
Schedule:  
Failed Modules: 
-----------------------------------
Parsed job: https://openqa.opensuse.org/tests/4895083 | with path: O3 > Job Groups >  > openSUSE Tumbleweed > Build20250302 > wsl-main@win10_uefi > x86_64
Machine:  win10_uefi
YAML_SCHEDULE:  schedule/wsl/wsl_main.yaml
Schedule:  
Failed Modules: 
-----------------------------------
Parsed job: https://openqa.opensuse.org/tests/4895086 | with path: O3 > Job Groups >  > openSUSE Tumbleweed > Build20250302 > wsl-main@win11_uefi > x86_64
Machine:  win11_uefi
YAML_SCHEDULE:  schedule/wsl/wsl_main.yaml
Schedule:  
Failed Modules: 
-----------------------------------
Parsed job: https://openqa.opensuse.org/tests/4895081 | with path: O3 > Job Groups >  > openSUSE Tumbleweed > Build20250302 > wsl2-install-msstore@win10_64bit > x86_64
Machine:  win10_64bit
YAML_SCHEDULE:  schedule/wsl/wsl_main.yaml
Schedule:  
Failed Modules: 
-----------------------------------
Parsed job: https://openqa.opensuse.org/tests/4895084 | with path: O3 > Job Groups >  > openSUSE Tumbleweed > Build20250302 > wsl2-install-msstore@win10_uefi > x86_64
Machine:  win10_uefi
YAML_SCHEDULE:  schedule/wsl/wsl_main.yaml
Schedule:  
Failed Modules: 
-----------------------------------
Parsed job: https://openqa.opensuse.org/tests/4895089 | with path: O3 > Job Groups >  > openSUSE Tumbleweed > Build20250302 > wsl2-install-msstore@win11_uefi > x86_64
Machine:  win11_uefi
YAML_SCHEDULE:  schedule/wsl/wsl_main.yaml
Schedule:  
Failed Modules: 
-----------------------------------
Parsed job: https://openqa.opensuse.org/tests/4895152 | with path: O3 > Job Groups >  > openSUSE Tumbleweed > Build20250302 > wsl2-main@win10_64bit > x86_64
Machine:  win10_64bit
YAML_SCHEDULE:  schedule/wsl/wsl_main.yaml
Schedule:  
Failed Modules: 
-----------------------------------
Parsed job: https://openqa.opensuse.org/tests/4895085 | with path: O3 > Job Groups >  > openSUSE Tumbleweed > Build20250302 > wsl2-main@win10_uefi > x86_64
Machine:  win10_uefi
YAML_SCHEDULE:  schedule/wsl/wsl_main.yaml
Schedule:  
Failed Modules: 
-----------------------------------
Parsed job: https://openqa.opensuse.org/tests/4895087 | with path: O3 > Job Groups >  > openSUSE Tumbleweed > Build20250302 > wsl2-main@win11_uefi > x86_64
Machine:  win11_uefi
YAML_SCHEDULE:  schedule/wsl/wsl_main.yaml
Schedule:  
Failed Modules: 
-----------------------------------
Parsed job: https://openqa.opensuse.org/tests/4895088 | with path: O3 > Job Groups >  > openSUSE Tumbleweed > Build20250302 > wsl2-systemd@win10_64bit > x86_64
Machine:  win10_64bit
YAML_SCHEDULE:  schedule/wsl/wsl_main.yaml
Schedule:  
Failed Modules: 
-----------------------------------
Parsed job: https://openqa.opensuse.org/tests/4895091 | with path: O3 > Job Groups >  > openSUSE Tumbleweed > Build20250302 > wsl2-systemd@win10_uefi > x86_64
Machine:  win10_uefi
YAML_SCHEDULE:  schedule/wsl/wsl_main.yaml
Schedule:  
Failed Modules: 
-----------------------------------
Parsed job: https://openqa.opensuse.org/tests/4895090 | with path: O3 > Job Groups >  > openSUSE Tumbleweed > Build20250302 > wsl2-systemd@win11_uefi > x86_64
Machine:  win11_uefi
YAML_SCHEDULE:  schedule/wsl/wsl_main.yaml
Schedule:  
Failed Modules: 
-----------------------------------
Parsed job: https://openqa.opensuse.org/tests/4895043 | with path: O3 > Job Groups >  > openSUSE Tumbleweed > Build20250302 > mediacheck > x86_64
Machine:  64bit
YAML_SCHEDULE:  schedule/yast/opensuse/mediacheck.yaml
Schedule:  
Failed Modules: 
-----------------------------------
Parsed job: https://openqa.opensuse.org/tests/4895044 | with path: O3 > Job Groups >  > openSUSE Tumbleweed > Build20250302 > xfce-live@64bit-3G > x86_64
Machine:  64bit-3G
YAML_SCHEDULE:  
Schedule:  
Failed Modules: 
-----------------------------------
Parsed job: https://openqa.opensuse.org/tests/4895045 | with path: O3 > Job Groups >  > openSUSE Tumbleweed > Build20250302 > xfce-live@uefi-usb-4G > x86_64
Machine:  uefi-usb-4G
YAML_SCHEDULE:  
Schedule:  
Failed Modules: 
-----------------------------------
ParseBuilds:  O3 > Job Groups >  > openSUSE Tumbleweed AArch64  url: https://openqa.opensuse.org/group_overview/3
ParseJobs:  O3 > Job Groups >  > openSUSE Tumbleweed AArch64 > Build20250301  url: https://openqa.opensuse.org/tests/overview?distri=microos&distri=opensuse&version=Tumbleweed&build=20250301&groupid=3
Parsed job: https://openqa.opensuse.org/tests/4894224 | with path: O3 > Job Groups >  > openSUSE Tumbleweed AArch64 > Build20250301 > container-host@aarch64-4G-HD40G > aarch64
Machine:  aarch64-4G-HD40G
YAML_SCHEDULE:  
Schedule:  
Failed Modules: 
-----------------------------------
Parsed job: https://openqa.opensuse.org/tests/4894230 | with path: O3 > Job Groups >  > openSUSE Tumbleweed AArch64 > Build20250301 > fips-container-host@aarch64-4G-HD40G > aarch64
Machine:  aarch64-4G-HD40G
YAML_SCHEDULE:  
Schedule:  
Failed Modules: 
-----------------------------------
Parsed job: https://openqa.opensuse.org/tests/4894228 | with path: O3 > Job Groups >  > openSUSE Tumbleweed AArch64 > Build20250301 > microos@aarch64-4G-HD40G > aarch64
Machine:  aarch64-4G-HD40G
YAML_SCHEDULE:  
Schedule:  
Failed Modules: 
-----------------------------------
Parsed job: https://openqa.opensuse.org/tests/4894229 | with path: O3 > Job Groups >  > openSUSE Tumbleweed AArch64 > Build20250301 > microos-sdboot@aarch64-4G-HD40G > aarch64
Machine:  aarch64-4G-HD40G
YAML_SCHEDULE:  
Schedule:  
Failed Modules: 
-----------------------------------
Parsed job: https://openqa.opensuse.org/tests/4894226 | with path: O3 > Job Groups >  > openSUSE Tumbleweed AArch64 > Build20250301 > microos_10G-disk > aarch64
Machine:  aarch64
YAML_SCHEDULE:  
Schedule:  
Failed Modules: 
-----------------------------------
Parsed job: https://openqa.opensuse.org/tests/4894225 | with path: O3 > Job Groups >  > openSUSE Tumbleweed AArch64 > Build20250301 > microos_textmode@aarch64-4G-HD40G > aarch64
Machine:  aarch64-4G-HD40G
YAML_SCHEDULE:  
Schedule:  
Failed Modules: 
-----------------------------------
Parsed job: https://openqa.opensuse.org/tests/4894227 | with path: O3 > Job Groups >  > openSUSE Tumbleweed AArch64 > Build20250301 > rcshell > aarch64
Machine:  aarch64
YAML_SCHEDULE:  
Schedule:  
Failed Modules: 
-----------------------------------
Parsed job: https://openqa.opensuse.org/tests/4894231 | with path: O3 > Job Groups >  > openSUSE Tumbleweed AArch64 > Build20250301 > remote_ssh_controller > aarch64
Machine:  aarch64
YAML_SCHEDULE:  schedule/sle-micro/remote_ssh_controller.yaml
Schedule:  
Failed Modules: 
-----------------------------------
Parsed job: https://openqa.opensuse.org/tests/4894232 | with path: O3 > Job Groups >  > openSUSE Tumbleweed AArch64 > Build20250301 > remote_ssh_target > aarch64
Machine:  aarch64
YAML_SCHEDULE:  schedule/sle-micro/remote_ssh_target.yaml
Schedule:  
Failed Modules: 
-----------------------------------
Parsed job: https://openqa.opensuse.org/tests/4894238 | with path: O3 > Job Groups >  > openSUSE Tumbleweed AArch64 > Build20250301 > microos > aarch64
Machine:  aarch64
YAML_SCHEDULE:  
Schedule:  
Failed Modules: 
-----------------------------------
Parsed job: https://openqa.opensuse.org/tests/4894235 | with path: O3 > Job Groups >  > openSUSE Tumbleweed AArch64 > Build20250301 > microos-combustion > aarch64
Machine:  aarch64
YAML_SCHEDULE:  
Schedule:  
Failed Modules: 
-----------------------------------
Parsed job: https://openqa.opensuse.org/tests/4894236 | with path: O3 > Job Groups >  > openSUSE Tumbleweed AArch64 > Build20250301 > microos-ignition > aarch64
Machine:  aarch64
YAML_SCHEDULE:  
Schedule:  
Failed Modules: 
-----------------------------------
Parsed job: https://openqa.opensuse.org/tests/4894239 | with path: O3 > Job Groups >  > openSUSE Tumbleweed AArch64 > Build20250301 > microos-old2microosnext > aarch64
Machine:  aarch64
YAML_SCHEDULE:  
Schedule:  
Failed Modules: 
-----------------------------------
Parsed job: https://openqa.opensuse.org/tests/4894237 | with path: O3 > Job Groups >  > openSUSE Tumbleweed AArch64 > Build20250301 > microos-wizard > aarch64
Machine:  aarch64
YAML_SCHEDULE:  
Schedule:  
Failed Modules: 
-----------------------------------
Parsed job: https://openqa.opensuse.org/tests/4894240 | with path: O3 > Job Groups >  > openSUSE Tumbleweed AArch64 > Build20250301 > microos2microosnext > aarch64
Machine:  aarch64
YAML_SCHEDULE:  
Schedule:  
Failed Modules: 
-----------------------------------
Parsed job: https://openqa.opensuse.org/tests/4894243 | with path: O3 > Job Groups >  > openSUSE Tumbleweed AArch64 > Build20250301 > microos_bonding_ping > aarch64
Machine:  aarch64
YAML_SCHEDULE:  schedule/functional/extra_tests_network_bonding.yaml
Schedule:  
Failed Modules: 
-----------------------------------
Parsed job: https://openqa.opensuse.org/tests/4894241 | with path: O3 > Job Groups >  > openSUSE Tumbleweed AArch64 > Build20250301 > microos_bonding_target > aarch64
Machine:  aarch64
YAML_SCHEDULE:  schedule/functional/extra_tests_network_bonding.yaml
Schedule:  
Failed Modules: 
-----------------------------------
Parsed job: https://openqa.opensuse.org/tests/4894234 | with path: O3 > Job Groups >  > openSUSE Tumbleweed AArch64 > Build20250301 > microos_fips > aarch64
Machine:  aarch64
YAML_SCHEDULE:  
Schedule:  
Failed Modules: 
-----------------------------------
Parsed job: https://openqa.opensuse.org/tests/4894233 | with path: O3 > Job Groups >  > openSUSE Tumbleweed AArch64 > Build20250301 > microos_networkmanager > aarch64
Machine:  aarch64
YAML_SCHEDULE:  schedule/microos/networkmanager.yaml
Schedule:  
Failed Modules: 
-----------------------------------
Parsed job: https://openqa.opensuse.org/tests/4894242 | with path: O3 > Job Groups >  > openSUSE Tumbleweed AArch64 > Build20250301 > microos_qemu > aarch64
Machine:  aarch64
YAML_SCHEDULE:  
Schedule:  
Failed Modules: 
-----------------------------------
Parsed job: https://openqa.opensuse.org/tests/4894248 | with path: O3 > Job Groups >  > openSUSE Tumbleweed AArch64 > Build20250301 > container-host > aarch64
Machine:  aarch64
YAML_SCHEDULE:  
Schedule:  
Failed Modules: 
-----------------------------------
Parsed job: https://openqa.opensuse.org/tests/4894249 | with path: O3 > Job Groups >  > openSUSE Tumbleweed AArch64 > Build20250301 > container-host-old2microosnext > aarch64
Machine:  aarch64
YAML_SCHEDULE:  
Schedule:  
Failed Modules: 
-----------------------------------
Parsed job: https://openqa.opensuse.org/tests/4894250 | with path: O3 > Job Groups >  > openSUSE Tumbleweed AArch64 > Build20250301 > container-host2microosnext > aarch64
Machine:  aarch64
YAML_SCHEDULE:  
Schedule:  
Failed Modules: 
-----------------------------------
Parsed job: https://openqa.opensuse.org/tests/4894247 | with path: O3 > Job Groups >  > openSUSE Tumbleweed AArch64 > Build20250301 > fips-container-host > aarch64
Machine:  aarch64
YAML_SCHEDULE:  
Schedule:  
Failed Modules: 
-----------------------------------
Parsed job: https://openqa.opensuse.org/tests/4894245 | with path: O3 > Job Groups >  > openSUSE Tumbleweed AArch64 > Build20250301 > microos-combustion > aarch64
Machine:  aarch64
YAML_SCHEDULE:  
Schedule:  
Failed Modules: 
-----------------------------------
Parsed job: https://openqa.opensuse.org/tests/4894246 | with path: O3 > Job Groups >  > openSUSE Tumbleweed AArch64 > Build20250301 > microos-wizard > aarch64
Machine:  aarch64
YAML_SCHEDULE:  
Schedule:  
Failed Modules: 
-----------------------------------
Parsed job: https://openqa.opensuse.org/tests/4894244 | with path: O3 > Job Groups >  > openSUSE Tumbleweed AArch64 > Build20250301 > microos-wizard-tpm > aarch64
Machine:  aarch64
YAML_SCHEDULE:  
Schedule:  
Failed Modules: 
-----------------------------------
Parsed job: https://openqa.opensuse.org/tests/4894046 | with path: O3 > Job Groups >  > openSUSE Tumbleweed AArch64 > Build20250301 > bci_389-ds_3.1_podman > aarch64
Machine:  aarch64
YAML_SCHEDULE:  
Schedule:  
Failed Modules: 
-----------------------------------
Parsed job: https://openqa.opensuse.org/tests/4894003 | with path: O3 > Job Groups >  > openSUSE Tumbleweed AArch64 > Build20250301 > bci_alertmanager_podman > aarch64
Machine:  aarch64
YAML_SCHEDULE:  
Schedule:  
Failed Modules: 
-----------------------------------
Parsed job: https://openqa.opensuse.org/tests/4894047 | with path: O3 > Job Groups >  > openSUSE Tumbleweed AArch64 > Build20250301 > bci_blackbox_exporter_0.24_podman > aarch64
Machine:  aarch64
YAML_SCHEDULE:  
Schedule:  
Failed Modules: 
-----------------------------------
Parsed job: https://openqa.opensuse.org/tests/4894048 | with path: O3 > Job Groups >  > openSUSE Tumbleweed AArch64 > Build20250301 > bci_busybox_podman > aarch64
Machine:  aarch64
YAML_SCHEDULE:  
Schedule:  
Failed Modules: 
-----------------------------------
Parsed job: https://openqa.opensuse.org/tests/4894049 | with path: O3 > Job Groups >  > openSUSE Tumbleweed AArch64 > Build20250301 > bci_gcc_13_podman > aarch64
Machine:  aarch64
YAML_SCHEDULE:  
Schedule:  
Failed Modules: 
-----------------------------------
Parsed job: https://openqa.opensuse.org/tests/4894050 | with path: O3 > Job Groups >  > openSUSE Tumbleweed AArch64 > Build20250301 > bci_gcc_14_podman > aarch64
Machine:  aarch64
YAML_SCHEDULE:  
Schedule:  
Failed Modules: 
-----------------------------------
Parsed job: https://openqa.opensuse.org/tests/4894051 | with path: O3 > Job Groups >  > openSUSE Tumbleweed AArch64 > Build20250301 > bci_git_podman > aarch64
Machine:  aarch64
YAML_SCHEDULE:  
Schedule:  
Failed Modules: 
-----------------------------------
Parsed job: https://openqa.opensuse.org/tests/4894052 | with path: O3 > Job Groups >  > openSUSE Tumbleweed AArch64 > Build20250301 > bci_golang_oldstable_podman > aarch64
Machine:  aarch64
YAML_SCHEDULE:  
Schedule:  
Failed Modules: 
-----------------------------------
Parsed job: https://openqa.opensuse.org/tests/4894053 | with path: O3 > Job Groups >  > openSUSE Tumbleweed AArch64 > Build20250301 > bci_golang_podman > aarch64
Machine:  aarch64
YAML_SCHEDULE:  
Schedule:  
Failed Modules: 
-----------------------------------
Parsed job: https://openqa.opensuse.org/tests/4894081 | with path: O3 > Job Groups >  > openSUSE Tumbleweed AArch64 > Build20250301 > bci_grafana_11_podman > aarch64
Machine:  aarch64
YAML_SCHEDULE:  
Schedule:  
Failed Modules: 
-----------------------------------
Parsed job: https://openqa.opensuse.org/tests/4894054 | with path: O3 > Job Groups >  > openSUSE Tumbleweed AArch64 > Build20250301 > bci_helm_latest_podman > aarch64
Machine:  aarch64
YAML_SCHEDULE:  
Schedule:  
Failed Modules: 
-----------------------------------
Parsed job: https://openqa.opensuse.org/tests/4894055 | with path: O3 > Job Groups >  > openSUSE Tumbleweed AArch64 > Build20250301 > bci_init_podman > aarch64
Machine:  aarch64
YAML_SCHEDULE:  
Schedule:  
Failed Modules: 
-----------------------------------
Parsed job: https://openqa.opensuse.org/tests/4894056 | with path: O3 > Job Groups >  > openSUSE Tumbleweed AArch64 > Build20250301 > bci_kiwi_podman > aarch64
Machine:  aarch64
YAML_SCHEDULE:  
Schedule:  
Failed Modules: 
-----------------------------------
Parsed job: https://openqa.opensuse.org/tests/4894057 | with path: O3 > Job Groups >  > openSUSE Tumbleweed AArch64 > Build20250301 > bci_mariadb-client_podman > aarch64
Machine:  aarch64
YAML_SCHEDULE:  
Schedule:  
Failed Modules: 
-----------------------------------
Parsed job: https://openqa.opensuse.org/tests/4894058 | with path: O3 > Job Groups >  > openSUSE Tumbleweed AArch64 > Build20250301 > bci_micro_podman > aarch64
Machine:  aarch64
YAML_SCHEDULE:  
Schedule:  
Failed Modules: 
-----------------------------------
Parsed job: https://openqa.opensuse.org/tests/4894059 | with path: O3 > Job Groups >  > openSUSE Tumbleweed AArch64 > Build20250301 > bci_minimal_podman > aarch64
Machine:  aarch64
YAML_SCHEDULE:  
Schedule:  
Failed Modules: 
-----------------------------------
Parsed job: https://openqa.opensuse.org/tests/4894060 | with path: O3 > Job Groups >  > openSUSE Tumbleweed AArch64 > Build20250301 > bci_nginx_podman > aarch64
Machine:  aarch64
YAML_SCHEDULE:  
Schedule:  
Failed Modules: 
-----------------------------------
Parsed job: https://openqa.opensuse.org/tests/4894062 | with path: O3 > Job Groups >  > openSUSE Tumbleweed AArch64 > Build20250301 > bci_nodejs_22_podman > aarch64
Machine:  aarch64
YAML_SCHEDULE:  
Schedule:  
Failed Modules: 
-----------------------------------
Parsed job: https://openqa.opensuse.org/tests/4894063 | with path: O3 > Job Groups >  > openSUSE Tumbleweed AArch64 > Build20250301 > bci_openjdk_11_podman > aarch64
Machine:  aarch64
YAML_SCHEDULE:  
Schedule:  
Failed Modules: 
-----------------------------------
Parsed job: https://openqa.opensuse.org/tests/4894064 | with path: O3 > Job Groups >  > openSUSE Tumbleweed AArch64 > Build20250301 > bci_openjdk_21_podman > aarch64
Machine:  aarch64
YAML_SCHEDULE:  
Schedule:  
Failed Modules: 
-----------------------------------
Parsed job: https://openqa.opensuse.org/tests/4894065 | with path: O3 > Job Groups >  > openSUSE Tumbleweed AArch64 > Build20250301 > bci_pcp_podman > aarch64
Machine:  aarch64
YAML_SCHEDULE:  
Schedule:  
Failed Modules: 
-----------------------------------
Parsed job: https://openqa.opensuse.org/tests/4894066 | with path: O3 > Job Groups >  > openSUSE Tumbleweed AArch64 > Build20250301 > bci_postgres_14_podman > aarch64
Machine:  aarch64
YAML_SCHEDULE:  
Schedule:  
Failed Modules: 
-----------------------------------
Parsed job: https://openqa.opensuse.org/tests/4894067 | with path: O3 > Job Groups >  > openSUSE Tumbleweed AArch64 > Build20250301 > bci_postgres_15_podman > aarch64
Machine:  aarch64
YAML_SCHEDULE:  
Schedule:  
Failed Modules: 
-----------------------------------
Parsed job: https://openqa.opensuse.org/tests/4894068 | with path: O3 > Job Groups >  > openSUSE Tumbleweed AArch64 > Build20250301 > bci_postgres_16_podman > aarch64
Machine:  aarch64
YAML_SCHEDULE:  
Schedule:  
Failed Modules: 
-----------------------------------
Parsed job: https://openqa.opensuse.org/tests/4894113 | with path: O3 > Job Groups >  > openSUSE Tumbleweed AArch64 > Build20250301 > bci_prometheus_3_podman > aarch64
Machine:  aarch64
YAML_SCHEDULE:  
Schedule:  
Failed Modules: 
-----------------------------------
Parsed job: https://openqa.opensuse.org/tests/4894069 | with path: O3 > Job Groups >  > openSUSE Tumbleweed AArch64 > Build20250301 > bci_python_3.11_podman > aarch64
Machine:  aarch64
YAML_SCHEDULE:  
Schedule:  
Failed Modules: 
-----------------------------------
Parsed job: https://openqa.opensuse.org/tests/4894070 | with path: O3 > Job Groups >  > openSUSE Tumbleweed AArch64 > Build20250301 > bci_python_3.12_podman > aarch64
Machine:  aarch64
YAML_SCHEDULE:  
Schedule:  
Failed Modules: 
-----------------------------------
Parsed job: https://openqa.opensuse.org/tests/4894071 | with path: O3 > Job Groups >  > openSUSE Tumbleweed AArch64 > Build20250301 > bci_registry_podman > aarch64
Machine:  aarch64
YAML_SCHEDULE:  
Schedule:  
Failed Modules: 
-----------------------------------
Parsed job: https://openqa.opensuse.org/tests/4894072 | with path: O3 > Job Groups >  > openSUSE Tumbleweed AArch64 > Build20250301 > bci_ruby_podman > aarch64
Machine:  aarch64
YAML_SCHEDULE:  
Schedule:  
Failed Modules: 
-----------------------------------
Parsed job: https://openqa.opensuse.org/tests/4894073 | with path: O3 > Job Groups >  > openSUSE Tumbleweed AArch64 > Build20250301 > bci_rust_oldstable_podman > aarch64
Machine:  aarch64
YAML_SCHEDULE:  
Schedule:  
Failed Modules: 
-----------------------------------
Parsed job: https://openqa.opensuse.org/tests/4894074 | with path: O3 > Job Groups >  > openSUSE Tumbleweed AArch64 > Build20250301 > bci_rust_podman > aarch64
Machine:  aarch64
YAML_SCHEDULE:  
Schedule:  
Failed Modules: 
-----------------------------------
Parsed job: https://openqa.opensuse.org/tests/4894075 | with path: O3 > Job Groups >  > openSUSE Tumbleweed AArch64 > Build20250301 > bci_spack_podman > aarch64
Machine:  aarch64
YAML_SCHEDULE:  
Schedule:  
Failed Modules: 
-----------------------------------
Parsed job: https://openqa.opensuse.org/tests/4894076 | with path: O3 > Job Groups >  > openSUSE Tumbleweed AArch64 > Build20250301 > bci_tomcat_10_podman > aarch64
Machine:  aarch64
YAML_SCHEDULE:  
Schedule:  
Failed Modules: 
-----------------------------------
Parsed job: https://openqa.opensuse.org/tests/4894077 | with path: O3 > Job Groups >  > openSUSE Tumbleweed AArch64 > Build20250301 > bci_tomcat_9_podman > aarch64
Machine:  aarch64
YAML_SCHEDULE:  
Schedule:  
Failed Modules: 
-----------------------------------
Parsed job: https://openqa.opensuse.org/tests/4893917 | with path: O3 > Job Groups >  > openSUSE Tumbleweed AArch64 > Build20250301 > RAID0_gpt_uefi > aarch64
Machine:  aarch64
YAML_SCHEDULE:  schedule/yast/opensuse/raid/raid0_gpt.yaml
Schedule:  
Failed Modules: 
-----------------------------------
Parsed job: https://openqa.opensuse.org/tests/4893934 | with path: O3 > Job Groups >  > openSUSE Tumbleweed AArch64 > Build20250301 > RAID10_gpt_uefi > aarch64
Machine:  aarch64
YAML_SCHEDULE:  schedule/yast/opensuse/raid/raid10_gpt.yaml
Schedule:  
Failed Modules: 
-----------------------------------
Parsed job: https://openqa.opensuse.org/tests/4893919 | with path: O3 > Job Groups >  > openSUSE Tumbleweed AArch64 > Build20250301 > RAID1_gpt_uefi > aarch64
Machine:  aarch64
YAML_SCHEDULE:  schedule/yast/opensuse/raid/raid1_gpt.yaml
Schedule:  
Failed Modules: 
-----------------------------------
Parsed job: https://openqa.opensuse.org/tests/4893935 | with path: O3 > Job Groups >  > openSUSE Tumbleweed AArch64 > Build20250301 > RAID5_gpt_uefi > aarch64
Machine:  aarch64
YAML_SCHEDULE:  schedule/yast/opensuse/raid/raid5_gpt.yaml
Schedule:  
Failed Modules: 
-----------------------------------
Parsed job: https://openqa.opensuse.org/tests/4894161 | with path: O3 > Job Groups >  > openSUSE Tumbleweed AArch64 > Build20250301 > aarch64_secureboot@aarch64-secureboot-opensuse-key > aarch64
Machine:  aarch64-secureboot-opensuse-key
YAML_SCHEDULE:  schedule/security/aarch64_secureboot.yaml
Schedule:  
Failed Modules: 
-----------------------------------
Parsed job: https://openqa.opensuse.org/tests/4894139 | with path: O3 > Job Groups >  > openSUSE Tumbleweed AArch64 > Build20250301 > apparmor > aarch64
Machine:  aarch64
YAML_SCHEDULE:  schedule/security/apparmor.yaml
Schedule:  
Failed Modules: 
-----------------------------------
Parsed job: https://openqa.opensuse.org/tests/4893888 | with path: O3 > Job Groups >  > openSUSE Tumbleweed AArch64 > Build20250301 > autoyast_gnome > aarch64
Machine:  aarch64
YAML_SCHEDULE:  
Schedule:  
Failed Modules: 
-----------------------------------
Parsed job: https://openqa.opensuse.org/tests/4893891 | with path: O3 > Job Groups >  > openSUSE Tumbleweed AArch64 > Build20250301 > autoyast_minimal > aarch64
Machine:  aarch64
YAML_SCHEDULE:  
Schedule:  
Failed Modules: 
-----------------------------------
Parsed job: https://openqa.opensuse.org/tests/4893945 | with path: O3 > Job Groups >  > openSUSE Tumbleweed AArch64 > Build20250301 > boot_linuxrc > aarch64
Machine:  aarch64
YAML_SCHEDULE:  schedule/yast/opensuse/boot_linuxrc.yaml
Schedule:  
Failed Modules: 
-----------------------------------
Parsed job: https://openqa.opensuse.org/tests/4894092 | with path: O3 > Job Groups >  > openSUSE Tumbleweed AArch64 > Build20250301 > boot_to_snapshot > aarch64
Machine:  aarch64
YAML_SCHEDULE:  schedule/boot_to_snapshot.yaml
Schedule:  
Failed Modules: 
-----------------------------------
Parsed job: https://openqa.opensuse.org/tests/4893899 | with path: O3 > Job Groups >  > openSUSE Tumbleweed AArch64 > Build20250301 > btrfs+warnings > aarch64
Machine:  aarch64
YAML_SCHEDULE:  schedule/yast/opensuse/btrfs/btrfs+warnings.yaml
Schedule:  
Failed Modules: 
-----------------------------------
Parsed job: https://openqa.opensuse.org/tests/4894082 | with path: O3 > Job Groups >  > openSUSE Tumbleweed AArch64 > Build20250301 > container_host_containerd > aarch64
Machine:  aarch64
YAML_SCHEDULE:  
Schedule:  
Failed Modules: 
-----------------------------------
Parsed job: https://openqa.opensuse.org/tests/4894086 | with path: O3 > Job Groups >  > openSUSE Tumbleweed AArch64 > Build20250301 > container_host_docker_apparmor > aarch64
Machine:  aarch64
YAML_SCHEDULE:  
Schedule:  
Failed Modules: 
-----------------------------------
Parsed job: https://openqa.opensuse.org/tests/4894087 | with path: O3 > Job Groups >  > openSUSE Tumbleweed AArch64 > Build20250301 > container_host_docker_selinux > aarch64
Machine:  aarch64
YAML_SCHEDULE:  
Schedule:  
Failed Modules: 
-----------------------------------
Parsed job: https://openqa.opensuse.org/tests/4894016 | with path: O3 > Job Groups >  > openSUSE Tumbleweed AArch64 > Build20250301 > container_host_docker_stable_apparmor > aarch64
Machine:  aarch64
YAML_SCHEDULE:  
Schedule:  
Failed Modules: 
-----------------------------------
Parsed job: https://openqa.opensuse.org/tests/4894017 | with path: O3 > Job Groups >  > openSUSE Tumbleweed AArch64 > Build20250301 > container_host_docker_stable_selinux > aarch64
Machine:  aarch64
YAML_SCHEDULE:  
Schedule:  
Failed Modules: 
-----------------------------------
Parsed job: https://openqa.opensuse.org/tests/4894083 | with path: O3 > Job Groups >  > openSUSE Tumbleweed AArch64 > Build20250301 > container_host_helm > aarch64
Machine:  aarch64
YAML_SCHEDULE:  
Schedule:  
Failed Modules: 
-----------------------------------
Parsed job: https://openqa.opensuse.org/tests/4894084 | with path: O3 > Job Groups >  > openSUSE Tumbleweed AArch64 > Build20250301 > container_host_kubectl > aarch64
Machine:  aarch64
YAML_SCHEDULE:  
Schedule:  
Failed Modules: 
-----------------------------------
Parsed job: https://openqa.opensuse.org/tests/4894088 | with path: O3 > Job Groups >  > openSUSE Tumbleweed AArch64 > Build20250301 > container_host_podman_apparmor > aarch64
Machine:  aarch64
YAML_SCHEDULE:  
Schedule:  
Failed Modules: 
-----------------------------------
Parsed job: https://openqa.opensuse.org/tests/4894089 | with path: O3 > Job Groups >  > openSUSE Tumbleweed AArch64 > Build20250301 > container_host_podman_runc_apparmor > aarch64
Machine:  aarch64
YAML_SCHEDULE:  
Schedule:  
Failed Modules: 
-----------------------------------
Parsed job: https://openqa.opensuse.org/tests/4894090 | with path: O3 > Job Groups >  > openSUSE Tumbleweed AArch64 > Build20250301 > container_host_podman_runc_selinux > aarch64
Machine:  aarch64
YAML_SCHEDULE:  
Schedule:  
Failed Modules: 
-----------------------------------
Parsed job: https://openqa.opensuse.org/tests/4894091 | with path: O3 > Job Groups >  > openSUSE Tumbleweed AArch64 > Build20250301 > container_host_podman_selinux > aarch64
Machine:  aarch64
YAML_SCHEDULE:  
Schedule:  
Failed Modules: 
-----------------------------------
Parsed job: https://openqa.opensuse.org/tests/4894043 | with path: O3 > Job Groups >  > openSUSE Tumbleweed AArch64 > Build20250301 > containers_hpc_apptainer > aarch64
Machine:  aarch64
YAML_SCHEDULE:  
Schedule:  
Failed Modules: 
-----------------------------------
Parsed job: https://openqa.opensuse.org/tests/4894033 | with path: O3 > Job Groups >  > openSUSE Tumbleweed AArch64 > Build20250301 > containers_image > aarch64
Machine:  aarch64
YAML_SCHEDULE:  
Schedule:  
Failed Modules: 
-----------------------------------
Parsed job: https://openqa.opensuse.org/tests/4893897 | with path: O3 > Job Groups >  > openSUSE Tumbleweed AArch64 > Build20250301 > create_hdd_gnome > aarch64
Machine:  aarch64
YAML_SCHEDULE:  
Schedule:  
Failed Modules: 
-----------------------------------
Parsed job: https://openqa.opensuse.org/tests/4893920 | with path: O3 > Job Groups >  > openSUSE Tumbleweed AArch64 > Build20250301 > create_hdd_gnome-wayland > aarch64
Machine:  aarch64
YAML_SCHEDULE:  
Schedule:  
Failed Modules: 
-----------------------------------
Parsed job: https://openqa.opensuse.org/tests/4893906 | with path: O3 > Job Groups >  > openSUSE Tumbleweed AArch64 > Build20250301 > create_hdd_gnome-x11 > aarch64
Machine:  aarch64
YAML_SCHEDULE:  
Schedule:  
Failed Modules: 
-----------------------------------
Parsed job: https://openqa.opensuse.org/tests/4894005 | with path: O3 > Job Groups >  > openSUSE Tumbleweed AArch64 > Build20250301 > create_hdd_gnome_libyui > aarch64
Machine:  aarch64
YAML_SCHEDULE:  schedule/yast/opensuse/create_hdd_gnome_libyui.yaml
Schedule:  
Failed Modules: 
-----------------------------------
Parsed job: https://openqa.opensuse.org/tests/4893937 | with path: O3 > Job Groups >  > openSUSE Tumbleweed AArch64 > Build20250301 > create_hdd_gnome_wicked > aarch64
Machine:  aarch64
YAML_SCHEDULE:  schedule/yast/opensuse/create_hdd_gnome_wicked.yaml
Schedule:  
Failed Modules: 
-----------------------------------
Parsed job: https://openqa.opensuse.org/tests/4893900 | with path: O3 > Job Groups >  > openSUSE Tumbleweed AArch64 > Build20250301 > create_hdd_kde > aarch64
Machine:  aarch64
YAML_SCHEDULE:  
Schedule:  
Failed Modules: 
-----------------------------------
Parsed job: https://openqa.opensuse.org/tests/4893909 | with path: O3 > Job Groups >  > openSUSE Tumbleweed AArch64 > Build20250301 > create_hdd_textmode > aarch64
Machine:  aarch64
YAML_SCHEDULE:  
Schedule:  
Failed Modules: 
-----------------------------------
Parsed job: https://openqa.opensuse.org/tests/4893988 | with path: O3 > Job Groups >  > openSUSE Tumbleweed AArch64 > Build20250301 > create_hdd_textmode@aarch64_lse_smp4 > aarch64
Machine:  aarch64_lse_smp4
YAML_SCHEDULE:  
Schedule:  
Failed Modules: 
-----------------------------------
Parsed job: https://openqa.opensuse.org/tests/4893968 | with path: O3 > Job Groups >  > openSUSE Tumbleweed AArch64 > Build20250301 > create_hdd_textmode_apparmor > aarch64
Machine:  aarch64
YAML_SCHEDULE:  
Schedule:  
Failed Modules: 
-----------------------------------
Parsed job: https://openqa.opensuse.org/tests/4894015 | with path: O3 > Job Groups >  > openSUSE Tumbleweed AArch64 > Build20250301 > create_hdd_textmode_autoyast > aarch64
Machine:  aarch64
YAML_SCHEDULE:  schedule/functional/autoyast_create_hdd/autoyast_create_hdd_textmode.yaml
Schedule:  
Failed Modules: 
-----------------------------------
Parsed job: https://openqa.opensuse.org/tests/4894029 | with path: O3 > Job Groups >  > openSUSE Tumbleweed AArch64 > Build20250301 > create_hdd_textmode_secureboot@aarch64-secureboot-opensuse-key > aarch64
Machine:  aarch64-secureboot-opensuse-key
YAML_SCHEDULE:  
Schedule:  
Failed Modules: 
-----------------------------------
Parsed job: https://openqa.opensuse.org/tests/4893926 | with path: O3 > Job Groups >  > openSUSE Tumbleweed AArch64 > Build20250301 > create_hdd_xfce > aarch64
Machine:  aarch64
YAML_SCHEDULE:  
Schedule:  
Failed Modules: 
-----------------------------------
Parsed job: https://openqa.opensuse.org/tests/4894108 | with path: O3 > Job Groups >  > openSUSE Tumbleweed AArch64 > Build20250301 > desktopapps-documentation-wayland > aarch64
Machine:  aarch64
YAML_SCHEDULE:  
Schedule:  
Failed Modules: 
-----------------------------------
Parsed job: https://openqa.opensuse.org/tests/4894093 | with path: O3 > Job Groups >  > openSUSE Tumbleweed AArch64 > Build20250301 > desktopapps-documentation-x11 > aarch64
Machine:  aarch64
YAML_SCHEDULE:  
Schedule:  
Failed Modules: 
-----------------------------------
Parsed job: https://openqa.opensuse.org/tests/4894094 | with path: O3 > Job Groups >  > openSUSE Tumbleweed AArch64 > Build20250301 > desktopapps-gnome > aarch64
Machine:  aarch64
YAML_SCHEDULE:  
Schedule:  
Failed Modules: 
-----------------------------------
Parsed job: https://openqa.opensuse.org/tests/4894095 | with path: O3 > Job Groups >  > openSUSE Tumbleweed AArch64 > Build20250301 > desktopapps-gnome-wayland > aarch64
Machine:  aarch64
YAML_SCHEDULE:  
Schedule:  
Failed Modules: 
-----------------------------------
Parsed job: https://openqa.opensuse.org/tests/4894096 | with path: O3 > Job Groups >  > openSUSE Tumbleweed AArch64 > Build20250301 > desktopapps-gnome-x11 > aarch64
Machine:  aarch64
YAML_SCHEDULE:  
Schedule:  
Failed Modules: 
-----------------------------------
Parsed job: https://openqa.opensuse.org/tests/4894018 | with path: O3 > Job Groups >  > openSUSE Tumbleweed AArch64 > Build20250301 > desktopapps-message-gnome > aarch64
Machine:  aarch64
YAML_SCHEDULE:  schedule/functional/message.yaml
Schedule:  
Failed Modules: 
-----------------------------------
Parsed job: https://openqa.opensuse.org/tests/4893923 | with path: O3 > Job Groups >  > openSUSE Tumbleweed AArch64 > Build20250301 > desktopapps-other-wayland > aarch64
Machine:  aarch64
YAML_SCHEDULE:  
Schedule:  
Failed Modules: 
-----------------------------------
Parsed job: https://openqa.opensuse.org/tests/4894097 | with path: O3 > Job Groups >  > openSUSE Tumbleweed AArch64 > Build20250301 > desktopapps-other-x11 > aarch64
Machine:  aarch64
YAML_SCHEDULE:  
Schedule:  
Failed Modules: 
-----------------------------------
Parsed job: https://openqa.opensuse.org/tests/4893894 | with path: O3 > Job Groups >  > openSUSE Tumbleweed AArch64 > Build20250301 > ext4 > aarch64
Machine:  aarch64
YAML_SCHEDULE:  schedule/yast/opensuse/ext4/ext4.yaml
Schedule:  
Failed Modules: 
-----------------------------------
Parsed job: https://openqa.opensuse.org/tests/4894039 | with path: O3 > Job Groups >  > openSUSE Tumbleweed AArch64 > Build20250301 > extra_tests_ai_ml > aarch64
Machine:  aarch64
YAML_SCHEDULE:  schedule/ai_ml.yaml
Schedule:  
Failed Modules: 
-----------------------------------
Parsed job: https://openqa.opensuse.org/tests/4893990 | with path: O3 > Job Groups >  > openSUSE Tumbleweed AArch64 > Build20250301 > extra_tests_ai_ml@aarch64_lse_smp4 > aarch64
Machine:  aarch64_lse_smp4
YAML_SCHEDULE:  schedule/ai_ml.yaml
Schedule:  
Failed Modules: 
-----------------------------------
Parsed job: https://openqa.opensuse.org/tests/4894098 | with path: O3 > Job Groups >  > openSUSE Tumbleweed AArch64 > Build20250301 > extra_tests_dracut > aarch64
Machine:  aarch64
YAML_SCHEDULE:  schedule/functional/extra_tests_dracut.yaml
Schedule:  
Failed Modules: 
-----------------------------------
Parsed job: https://openqa.opensuse.org/tests/4894099 | with path: O3 > Job Groups >  > openSUSE Tumbleweed AArch64 > Build20250301 > extra_tests_filesystem > aarch64
Machine:  aarch64
YAML_SCHEDULE:  
Schedule:  
Failed Modules: 
-----------------------------------
Parsed job: https://openqa.opensuse.org/tests/4893942 | with path: O3 > Job Groups >  > openSUSE Tumbleweed AArch64 > Build20250301 > extra_tests_gnome > aarch64
Machine:  aarch64
YAML_SCHEDULE:  schedule/functional/extra_tests_gnome.yaml
Schedule:  
Failed Modules: 
-----------------------------------
Parsed job: https://openqa.opensuse.org/tests/4894030 | with path: O3 > Job Groups >  > openSUSE Tumbleweed AArch64 > Build20250301 > extra_tests_misc > aarch64
Machine:  aarch64
YAML_SCHEDULE:  schedule/functional/extra_tests_misc.yaml
Schedule:  
Failed Modules: 
-----------------------------------
Parsed job: https://openqa.opensuse.org/tests/4894125 | with path: O3 > Job Groups >  > openSUSE Tumbleweed AArch64 > Build20250301 > extra_tests_on_kde > aarch64
Machine:  aarch64
YAML_SCHEDULE:  
Schedule:  
Failed Modules: 
-----------------------------------
Parsed job: https://openqa.opensuse.org/tests/4894100 | with path: O3 > Job Groups >  > openSUSE Tumbleweed AArch64 > Build20250301 > extra_tests_on_xfce > aarch64
Machine:  aarch64
YAML_SCHEDULE:  
Schedule:  
Failed Modules: 
-----------------------------------
Parsed job: https://openqa.opensuse.org/tests/4893943 | with path: O3 > Job Groups >  > openSUSE Tumbleweed AArch64 > Build20250301 > extra_tests_textmode > aarch64
Machine:  aarch64
YAML_SCHEDULE:  schedule/functional/extra_tests_textmode.yaml
Schedule:  
Failed Modules: 
-----------------------------------
Parsed job: https://openqa.opensuse.org/tests/4894014 | with path: O3 > Job Groups >  > openSUSE Tumbleweed AArch64 > Build20250301 > extra_tests_webserver > aarch64
Machine:  aarch64
YAML_SCHEDULE:  schedule/qam/common/mau-webserver.yaml
Schedule:  
Failed Modules: 
-----------------------------------
Parsed job: https://openqa.opensuse.org/tests/4893991 | with path: O3 > Job Groups >  > openSUSE Tumbleweed AArch64 > Build20250301 > gnome@aarch64_lse_smp4 > aarch64
Machine:  aarch64_lse_smp4
YAML_SCHEDULE:  
Schedule:  
Failed Modules: 
-----------------------------------
Parsed job: https://openqa.opensuse.org/tests/4893995 | with path: O3 > Job Groups >  > openSUSE Tumbleweed AArch64 > Build20250301 > gnome@aarch64_no_lse_smp4 > aarch64
Machine:  aarch64_no_lse_smp4
YAML_SCHEDULE:  
Schedule:  
Failed Modules: 
-----------------------------------
Parsed job: https://openqa.opensuse.org/tests/4893892 | with path: O3 > Job Groups >  > openSUSE Tumbleweed AArch64 > Build20250301 > gnome-ext4 > aarch64
Machine:  aarch64
YAML_SCHEDULE:  
Schedule:  
Failed Modules: 
-----------------------------------
Parsed job: https://openqa.opensuse.org/tests/4894101 | with path: O3 > Job Groups >  > openSUSE Tumbleweed AArch64 > Build20250301 > gnome-x11-ibus > aarch64
Machine:  aarch64
YAML_SCHEDULE:  
Schedule:  
Failed Modules: 
-----------------------------------
Parsed job: https://openqa.opensuse.org/tests/4893930 | with path: O3 > Job Groups >  > openSUSE Tumbleweed AArch64 > Build20250301 > gnuhealth > aarch64
Machine:  aarch64
YAML_SCHEDULE:  schedule/functional/extra_tests_gnuhealth.yaml
Schedule:  
Failed Modules: 
-----------------------------------
Parsed job: https://openqa.opensuse.org/tests/4894031 | with path: O3 > Job Groups >  > openSUSE Tumbleweed AArch64 > Build20250301 > ibm_tss_version_check > aarch64
Machine:  aarch64
YAML_SCHEDULE:  schedule/security/ibmtss.yaml
Schedule:  
Failed Modules: 
-----------------------------------
Parsed job: https://openqa.opensuse.org/tests/4894032 | with path: O3 > Job Groups >  > openSUSE Tumbleweed AArch64 > Build20250301 > ima_measure_critical_data@aarch64-secureboot-opensuse-key > aarch64
Machine:  aarch64-secureboot-opensuse-key
YAML_SCHEDULE:  schedule/security/ima_measure_critical_data.yaml
Schedule:  
Failed Modules: 
-----------------------------------
Parsed job: https://openqa.opensuse.org/tests/4893986 | with path: O3 > Job Groups >  > openSUSE Tumbleweed AArch64 > Build20250301 > install_offline > aarch64
Machine:  aarch64
YAML_SCHEDULE:  
Schedule:  
Failed Modules: 
-----------------------------------
Parsed job: https://openqa.opensuse.org/tests/4893905 | with path: O3 > Job Groups >  > openSUSE Tumbleweed AArch64 > Build20250301 > install_only@aarch64-multipath > aarch64
Machine:  aarch64-multipath
YAML_SCHEDULE:  
Schedule:  
Failed Modules: 
-----------------------------------
Parsed job: https://openqa.opensuse.org/tests/4894035 | with path: O3 > Job Groups >  > openSUSE Tumbleweed AArch64 > Build20250301 > install_only@aarch64-secureboot-ms-key > aarch64
Machine:  aarch64-secureboot-ms-key
YAML_SCHEDULE:  
Schedule:  
Failed Modules: 
-----------------------------------
Parsed job: https://openqa.opensuse.org/tests/4893913 | with path: O3 > Job Groups >  > openSUSE Tumbleweed AArch64 > Build20250301 > install_only@aarch64-secureboot-opensuse-key > aarch64
Machine:  aarch64-secureboot-opensuse-key
YAML_SCHEDULE:  
Schedule:  
Failed Modules: 
-----------------------------------
Parsed job: https://openqa.opensuse.org/tests/4893901 | with path: O3 > Job Groups >  > openSUSE Tumbleweed AArch64 > Build20250301 > install_only@aarch64-uefi_http_boot > aarch64
Machine:  aarch64-uefi_http_boot
YAML_SCHEDULE:  
Schedule:  
Failed Modules: 
-----------------------------------
Parsed job: https://openqa.opensuse.org/tests/4893976 | with path: O3 > Job Groups >  > openSUSE Tumbleweed AArch64 > Build20250301 > install_only@aarch64_cpu_max > aarch64
Machine:  aarch64_cpu_max
YAML_SCHEDULE:  
Schedule:  
Failed Modules: 
-----------------------------------
Parsed job: https://openqa.opensuse.org/tests/4893993 | with path: O3 > Job Groups >  > openSUSE Tumbleweed AArch64 > Build20250301 > install_only@aarch64_lse > aarch64
Machine:  aarch64_lse
YAML_SCHEDULE:  
Schedule:  
Failed Modules: 
-----------------------------------
Parsed job: https://openqa.opensuse.org/tests/4893998 | with path: O3 > Job Groups >  > openSUSE Tumbleweed AArch64 > Build20250301 > install_only@aarch64_no_lse > aarch64
Machine:  aarch64_no_lse
YAML_SCHEDULE:  
Schedule:  
Failed Modules: 
-----------------------------------
Parsed job: https://openqa.opensuse.org/tests/4893893 | with path: O3 > Job Groups >  > openSUSE Tumbleweed AArch64 > Build20250301 > install_only@smp_aarch64 > aarch64
Machine:  smp_aarch64
YAML_SCHEDULE:  
Schedule:  
Failed Modules: 
-----------------------------------
Parsed job: https://openqa.opensuse.org/tests/4894019 | with path: O3 > Job Groups >  > openSUSE Tumbleweed AArch64 > Build20250301 > installer_extended > aarch64
Machine:  aarch64
YAML_SCHEDULE:  schedule/yast/opensuse/installer_extended/installer_extended.yaml
Schedule:  
Failed Modules: 
-----------------------------------
Parsed job: https://openqa.opensuse.org/tests/4893911 | with path: O3 > Job Groups >  > openSUSE Tumbleweed AArch64 > Build20250301 > kde@USBboot_aarch64 > aarch64
Machine:  USBboot_aarch64
YAML_SCHEDULE:  
Schedule:  
Failed Modules: 
-----------------------------------
Parsed job: https://openqa.opensuse.org/tests/4893992 | with path: O3 > Job Groups >  > openSUSE Tumbleweed AArch64 > Build20250301 > kde@aarch64_lse_smp4 > aarch64
Machine:  aarch64_lse_smp4
YAML_SCHEDULE:  
Schedule:  
Failed Modules: 
-----------------------------------
Parsed job: https://openqa.opensuse.org/tests/4893996 | with path: O3 > Job Groups >  > openSUSE Tumbleweed AArch64 > Build20250301 > kde@aarch64_no_lse_smp4 > aarch64
Machine:  aarch64_no_lse_smp4
YAML_SCHEDULE:  
Schedule:  
Failed Modules: 
-----------------------------------
Parsed job: https://openqa.opensuse.org/tests/4893987 | with path: O3 > Job Groups >  > openSUSE Tumbleweed AArch64 > Build20250301 > kde-wayland@aarch64_lse_smp4 > aarch64
Machine:  aarch64_lse_smp4
YAML_SCHEDULE:  
Schedule:  
Failed Modules: 
-----------------------------------
Parsed job: https://openqa.opensuse.org/tests/4893997 | with path: O3 > Job Groups >  > openSUSE Tumbleweed AArch64 > Build20250301 > kde-wayland@aarch64_no_lse_smp4 > aarch64
Machine:  aarch64_no_lse_smp4
YAML_SCHEDULE:  
Schedule:  
Failed Modules: 
-----------------------------------
Parsed job: https://openqa.opensuse.org/tests/4893931 | with path: O3 > Job Groups >  > openSUSE Tumbleweed AArch64 > Build20250301 > lvm > aarch64
Machine:  aarch64
YAML_SCHEDULE:  schedule/yast/opensuse/lvm/lvm.yaml
Schedule:  
Failed Modules: 
-----------------------------------
Parsed job: https://openqa.opensuse.org/tests/4893895 | with path: O3 > Job Groups >  > openSUSE Tumbleweed AArch64 > Build20250301 > mediacheck > aarch64
Machine:  aarch64
YAML_SCHEDULE:  schedule/yast/opensuse/mediacheck.yaml
Schedule:  
Failed Modules: 
-----------------------------------
Parsed job: https://openqa.opensuse.org/tests/4893994 | with path: O3 > Job Groups >  > openSUSE Tumbleweed AArch64 > Build20250301 > minimalx@aarch64_lse > aarch64
Machine:  aarch64_lse
YAML_SCHEDULE:  
Schedule:  
Failed Modules: 
-----------------------------------
Parsed job: https://openqa.opensuse.org/tests/4893999 | with path: O3 > Job Groups >  > openSUSE Tumbleweed AArch64 > Build20250301 > minimalx@aarch64_no_lse > aarch64
Machine:  aarch64_no_lse
YAML_SCHEDULE:  
Schedule:  
Failed Modules: 
-----------------------------------
Parsed job: https://openqa.opensuse.org/tests/4894151 | with path: O3 > Job Groups >  > openSUSE Tumbleweed AArch64 > Build20250301 > network_bonding_ping > aarch64
Machine:  aarch64
YAML_SCHEDULE:  schedule/functional/extra_tests_network_bonding.yaml
Schedule:  
Failed Modules: 
-----------------------------------
Parsed job: https://openqa.opensuse.org/tests/4894000 | with path: O3 > Job Groups >  > openSUSE Tumbleweed AArch64 > Build20250301 > network_bonding_target > aarch64
Machine:  aarch64
YAML_SCHEDULE:  schedule/functional/extra_tests_network_bonding.yaml
Schedule:  
Failed Modules: 
-----------------------------------
Parsed job: https://openqa.opensuse.org/tests/4893977 | with path: O3 > Job Groups >  > openSUSE Tumbleweed AArch64 > Build20250301 > nvme > aarch64
Machine:  aarch64
YAML_SCHEDULE:  schedule/yast/opensuse/nvme.yaml
Schedule:  
Failed Modules: 
-----------------------------------
Parsed job: https://openqa.opensuse.org/tests/4893981 | with path: O3 > Job Groups >  > openSUSE Tumbleweed AArch64 > Build20250301 > openqa_bootstrap > aarch64
Machine:  aarch64
YAML_SCHEDULE:  
Schedule:  
Failed Modules: 
-----------------------------------
Parsed job: https://openqa.opensuse.org/tests/4894119 | with path: O3 > Job Groups >  > openSUSE Tumbleweed AArch64 > Build20250301 > openscap > aarch64
Machine:  aarch64
YAML_SCHEDULE:  schedule/security/openscap.yaml
Schedule:  
Failed Modules: 
-----------------------------------
Parsed job: https://openqa.opensuse.org/tests/4894159 | with path: O3 > Job Groups >  > openSUSE Tumbleweed AArch64 > Build20250301 > ovs-client > aarch64
Machine:  aarch64
YAML_SCHEDULE:  schedule/functional/extra_tests_ovs.yaml
Schedule:  
Failed Modules: 
-----------------------------------
Parsed job: https://openqa.opensuse.org/tests/4894020 | with path: O3 > Job Groups >  > openSUSE Tumbleweed AArch64 > Build20250301 > ovs-server > aarch64
Machine:  aarch64
YAML_SCHEDULE:  schedule/functional/extra_tests_ovs.yaml
Schedule:  
Failed Modules: 
-----------------------------------
Parsed job: https://openqa.opensuse.org/tests/4893887 | with path: O3 > Job Groups >  > openSUSE Tumbleweed AArch64 > Build20250301 > package-dependency > aarch64
Machine:  aarch64
YAML_SCHEDULE:  
Schedule:  
Failed Modules: 
-----------------------------------
Parsed job: https://openqa.opensuse.org/tests/4894152 | with path: O3 > Job Groups >  > openSUSE Tumbleweed AArch64 > Build20250301 > ping_client > aarch64
Machine:  aarch64
YAML_SCHEDULE:  schedule/functional/mm_ping.yaml
Schedule:  
Failed Modules: 
-----------------------------------
Parsed job: https://openqa.opensuse.org/tests/4894006 | with path: O3 > Job Groups >  > openSUSE Tumbleweed AArch64 > Build20250301 > ping_server > aarch64
Machine:  aarch64
YAML_SCHEDULE:  schedule/functional/mm_ping.yaml
Schedule:  
Failed Modules: 
-----------------------------------
Parsed job: https://openqa.opensuse.org/tests/4893932 | with path: O3 > Job Groups >  > openSUSE Tumbleweed AArch64 > Build20250301 > qemu > aarch64
Machine:  aarch64
YAML_SCHEDULE:  schedule/functional/extra_tests_qemu.yaml
Schedule:  
Failed Modules: 
-----------------------------------
Parsed job: https://openqa.opensuse.org/tests/4893970 | with path: O3 > Job Groups >  > openSUSE Tumbleweed AArch64 > Build20250301 > remote_ssh_controller > aarch64
Machine:  aarch64
YAML_SCHEDULE:  schedule/yast/opensuse/remote_ssh_controller.yaml
Schedule:  
Failed Modules: 
-----------------------------------
Parsed job: https://openqa.opensuse.org/tests/4893973 | with path: O3 > Job Groups >  > openSUSE Tumbleweed AArch64 > Build20250301 > remote_ssh_target > aarch64
Machine:  aarch64
YAML_SCHEDULE:  schedule/yast/opensuse/remote_ssh_target.yaml
Schedule:  
Failed Modules: 
-----------------------------------
Parsed job: https://openqa.opensuse.org/tests/4893974 | with path: O3 > Job Groups >  > openSUSE Tumbleweed AArch64 > Build20250301 > remote_vnc_controller > aarch64
Machine:  aarch64
YAML_SCHEDULE:  schedule/yast/opensuse/remote_vnc/remote_vnc_controller.yaml
Schedule:  
Failed Modules: 
-----------------------------------
Parsed job: https://openqa.opensuse.org/tests/4893975 | with path: O3 > Job Groups >  > openSUSE Tumbleweed AArch64 > Build20250301 > remote_vnc_target > aarch64
Machine:  aarch64
YAML_SCHEDULE:  schedule/yast/opensuse/remote_vnc/remote_vnc_target.yaml
Schedule:  
Failed Modules: 
-----------------------------------
Parsed job: https://openqa.opensuse.org/tests/4893903 | with path: O3 > Job Groups >  > openSUSE Tumbleweed AArch64 > Build20250301 > rescue_system > aarch64
Machine:  aarch64
YAML_SCHEDULE:  
Schedule:  
Failed Modules: 
-----------------------------------
Parsed job: https://openqa.opensuse.org/tests/4894160 | with path: O3 > Job Groups >  > openSUSE Tumbleweed AArch64 > Build20250301 > rsync-client > aarch64
Machine:  aarch64
YAML_SCHEDULE:  schedule/functional/rsync.yaml
Schedule:  
Failed Modules: 
-----------------------------------
Parsed job: https://openqa.opensuse.org/tests/4894021 | with path: O3 > Job Groups >  > openSUSE Tumbleweed AArch64 > Build20250301 > rsync-server > aarch64
Machine:  aarch64
YAML_SCHEDULE:  schedule/functional/rsync.yaml
Schedule:  
Failed Modules: 
-----------------------------------
Parsed job: https://openqa.opensuse.org/tests/4894022 | with path: O3 > Job Groups >  > openSUSE Tumbleweed AArch64 > Build20250301 > salt-master > aarch64
Machine:  aarch64
YAML_SCHEDULE:  schedule/functional/salt.yaml
Schedule:  
Failed Modules: 
-----------------------------------
Parsed job: https://openqa.opensuse.org/tests/4894023 | with path: O3 > Job Groups >  > openSUSE Tumbleweed AArch64 > Build20250301 > salt-minion > aarch64
Machine:  aarch64
YAML_SCHEDULE:  schedule/functional/salt.yaml
Schedule:  
Failed Modules: 
-----------------------------------
Parsed job: https://openqa.opensuse.org/tests/4894025 | with path: O3 > Job Groups >  > openSUSE Tumbleweed AArch64 > Build20250301 > security_389ds_sssd_client > aarch64
Machine:  aarch64
YAML_SCHEDULE:  schedule/security/389ds_sssd.yaml
Schedule:  
Failed Modules: 
-----------------------------------
Parsed job: https://openqa.opensuse.org/tests/4894004 | with path: O3 > Job Groups >  > openSUSE Tumbleweed AArch64 > Build20250301 > security_misc_o3 > aarch64
Machine:  aarch64
YAML_SCHEDULE:  schedule/security/security_misc_o3.yaml
Schedule:  
Failed Modules: 
-----------------------------------
Parsed job: https://openqa.opensuse.org/tests/4894028 | with path: O3 > Job Groups >  > openSUSE Tumbleweed AArch64 > Build20250301 > security_tpm2 > aarch64
Machine:  aarch64
YAML_SCHEDULE:  schedule/security/security_tpm2.yaml
Schedule:  
Failed Modules: 
-----------------------------------
Parsed job: https://openqa.opensuse.org/tests/4894008 | with path: O3 > Job Groups >  > openSUSE Tumbleweed AArch64 > Build20250301 > security_tpm_tools > aarch64
Machine:  aarch64
YAML_SCHEDULE:  schedule/security/tpm_selftest.yaml
Schedule:  
Failed Modules: 
-----------------------------------
Parsed job: https://openqa.opensuse.org/tests/4893979 | with path: O3 > Job Groups >  > openSUSE Tumbleweed AArch64 > Build20250301 > selinux > aarch64
Machine:  aarch64
YAML_SCHEDULE:  schedule/security/selinux.yaml
Schedule:  
Failed Modules: 
-----------------------------------
Parsed job: https://openqa.opensuse.org/tests/4894034 | with path: O3 > Job Groups >  > openSUSE Tumbleweed AArch64 > Build20250301 > system_check > aarch64
Machine:  aarch64
YAML_SCHEDULE:  schedule/security/system_check.yaml
Schedule:  
Failed Modules: 
-----------------------------------
Parsed job: https://openqa.opensuse.org/tests/4893924 | with path: O3 > Job Groups >  > openSUSE Tumbleweed AArch64 > Build20250301 > system_performance > aarch64
Machine:  aarch64
YAML_SCHEDULE:  
Schedule:  
Failed Modules: 
-----------------------------------
Parsed job: https://openqa.opensuse.org/tests/4894102 | with path: O3 > Job Groups >  > openSUSE Tumbleweed AArch64 > Build20250301 > systemd-networkd > aarch64
Machine:  aarch64
YAML_SCHEDULE:  schedule/functional/extra_tests_networkd.yaml
Schedule:  
Failed Modules: 
-----------------------------------
Parsed job: https://openqa.opensuse.org/tests/4893898 | with path: O3 > Job Groups >  > openSUSE Tumbleweed AArch64 > Build20250301 > textmode > aarch64
Machine:  aarch64
YAML_SCHEDULE:  
Schedule:  
Failed Modules: 
-----------------------------------
Parsed job: https://openqa.opensuse.org/tests/4894026 | with path: O3 > Job Groups >  > openSUSE Tumbleweed AArch64 > Build20250301 > tomcat > aarch64
Machine:  aarch64
YAML_SCHEDULE:  schedule/functional/tomcat.yaml
Schedule:  
Failed Modules: 
-----------------------------------
Parsed job: https://openqa.opensuse.org/tests/4894103 | with path: O3 > Job Groups >  > openSUSE Tumbleweed AArch64 > Build20250301 > toolchain_zypper > aarch64
Machine:  aarch64
YAML_SCHEDULE:  schedule/functional/toolchain.yaml
Schedule:  
Failed Modules: 
-----------------------------------
Parsed job: https://openqa.opensuse.org/tests/4894104 | with path: O3 > Job Groups >  > openSUSE Tumbleweed AArch64 > Build20250301 > toolkits > aarch64
Machine:  aarch64
YAML_SCHEDULE:  schedule/functional/extra_tests_toolkits.yaml
Schedule:  
Failed Modules: 
-----------------------------------
Parsed job: https://openqa.opensuse.org/tests/4894126 | with path: O3 > Job Groups >  > openSUSE Tumbleweed AArch64 > Build20250301 > toolkits-kde > aarch64
Machine:  aarch64
YAML_SCHEDULE:  schedule/functional/extra_tests_toolkits.yaml
Schedule:  
Failed Modules: 
-----------------------------------
Parsed job: https://openqa.opensuse.org/tests/4894007 | with path: O3 > Job Groups >  > openSUSE Tumbleweed AArch64 > Build20250301 > unlock_luks2_volume_with_tpm2 > aarch64
Machine:  aarch64
YAML_SCHEDULE:  schedule/security/autoyast_btrfs_luks2_tw.yaml
Schedule:  
Failed Modules: 
-----------------------------------
Parsed job: https://openqa.opensuse.org/tests/4893907 | with path: O3 > Job Groups >  > openSUSE Tumbleweed AArch64 > Build20250301 > upgrade_Leap_15.0_gnome > aarch64
Machine:  aarch64
YAML_SCHEDULE:  
Schedule:  
Failed Modules: 
-----------------------------------
Parsed job: https://openqa.opensuse.org/tests/4893908 | with path: O3 > Job Groups >  > openSUSE Tumbleweed AArch64 > Build20250301 > upgrade_Leap_15.0_kde > aarch64
Machine:  aarch64
YAML_SCHEDULE:  
Schedule:  
Failed Modules: 
-----------------------------------
Parsed job: https://openqa.opensuse.org/tests/4893889 | with path: O3 > Job Groups >  > openSUSE Tumbleweed AArch64 > Build20250301 > upgrade_Leap_15.1_gnome > aarch64
Machine:  aarch64
YAML_SCHEDULE:  
Schedule:  
Failed Modules: 
-----------------------------------
Parsed job: https://openqa.opensuse.org/tests/4893969 | with path: O3 > Job Groups >  > openSUSE Tumbleweed AArch64 > Build20250301 > upgrade_Leap_15.2_gnome > aarch64
Machine:  aarch64
YAML_SCHEDULE:  
Schedule:  
Failed Modules: 
-----------------------------------
Parsed job: https://openqa.opensuse.org/tests/4893971 | with path: O3 > Job Groups >  > openSUSE Tumbleweed AArch64 > Build20250301 > upgrade_Leap_15.2_kde > aarch64
Machine:  aarch64
YAML_SCHEDULE:  
Schedule:  
Failed Modules: 
-----------------------------------
Parsed job: https://openqa.opensuse.org/tests/4894080 | with path: O3 > Job Groups >  > openSUSE Tumbleweed AArch64 > Build20250301 > upgrade_Leap_15.3_gnome > aarch64
Machine:  aarch64
YAML_SCHEDULE:  
Schedule:  
Failed Modules: 
-----------------------------------
Parsed job: https://openqa.opensuse.org/tests/4894079 | with path: O3 > Job Groups >  > openSUSE Tumbleweed AArch64 > Build20250301 > upgrade_Leap_15.3_kde > aarch64
Machine:  aarch64
YAML_SCHEDULE:  
Schedule:  
Failed Modules: 
-----------------------------------
Parsed job: https://openqa.opensuse.org/tests/4894041 | with path: O3 > Job Groups >  > openSUSE Tumbleweed AArch64 > Build20250301 > upgrade_Leap_15.5_gnome > aarch64
Machine:  aarch64
YAML_SCHEDULE:  
Schedule:  
Failed Modules: 
-----------------------------------
Parsed job: https://openqa.opensuse.org/tests/4894042 | with path: O3 > Job Groups >  > openSUSE Tumbleweed AArch64 > Build20250301 > upgrade_Leap_15.5_kde > aarch64
Machine:  aarch64
YAML_SCHEDULE:  
Schedule:  
Failed Modules: 
-----------------------------------
Parsed job: https://openqa.opensuse.org/tests/4894036 | with path: O3 > Job Groups >  > openSUSE Tumbleweed AArch64 > Build20250301 > upgrade_Leap_15.6_gnome > aarch64
Machine:  aarch64
YAML_SCHEDULE:  
Schedule:  
Failed Modules: 
-----------------------------------
Parsed job: https://openqa.opensuse.org/tests/4894040 | with path: O3 > Job Groups >  > openSUSE Tumbleweed AArch64 > Build20250301 > upgrade_Leap_15.6_kde > aarch64
Machine:  aarch64
YAML_SCHEDULE:  
Schedule:  
Failed Modules: 
-----------------------------------
Parsed job: https://openqa.opensuse.org/tests/4894130 | with path: O3 > Job Groups >  > openSUSE Tumbleweed AArch64 > Build20250301 > virtualization > aarch64
Machine:  aarch64
YAML_SCHEDULE:  schedule/virtualization/virtualization.yaml
Schedule:  
Failed Modules: 
-----------------------------------
Parsed job: https://openqa.opensuse.org/tests/4894109 | with path: O3 > Job Groups >  > openSUSE Tumbleweed AArch64 > Build20250301 > wicked_basic_ref > aarch64
Machine:  aarch64
YAML_SCHEDULE:  
Schedule:  
Failed Modules: 
-----------------------------------
Parsed job: https://openqa.opensuse.org/tests/4894110 | with path: O3 > Job Groups >  > openSUSE Tumbleweed AArch64 > Build20250301 > wicked_basic_sut > aarch64
Machine:  aarch64
YAML_SCHEDULE:  
Schedule:  
Failed Modules: 
-----------------------------------
Parsed job: https://openqa.opensuse.org/tests/4893914 | with path: O3 > Job Groups >  > openSUSE Tumbleweed AArch64 > Build20250301 > xfce > aarch64
Machine:  aarch64
YAML_SCHEDULE:  
Schedule:  
Failed Modules: 
-----------------------------------
Parsed job: https://openqa.opensuse.org/tests/4893896 | with path: O3 > Job Groups >  > openSUSE Tumbleweed AArch64 > Build20250301 > xfs > aarch64
Machine:  aarch64
YAML_SCHEDULE:  
Schedule:  
Failed Modules: 
-----------------------------------
Parsed job: https://openqa.opensuse.org/tests/4894150 | with path: O3 > Job Groups >  > openSUSE Tumbleweed AArch64 > Build20250301 > yast2_firstboot > aarch64
Machine:  aarch64
YAML_SCHEDULE:  schedule/yast/opensuse/firstboot/yast2_firstboot.yaml
Schedule:  
Failed Modules: 
-----------------------------------
Parsed job: https://openqa.opensuse.org/tests/4894106 | with path: O3 > Job Groups >  > openSUSE Tumbleweed AArch64 > Build20250301 > yast2_firstboot_custom > aarch64
Machine:  aarch64
YAML_SCHEDULE:  schedule/yast/opensuse/firstboot/yast2_firstboot_custom.yaml
Schedule:  
Failed Modules: 
-----------------------------------
Parsed job: https://openqa.opensuse.org/tests/4894137 | with path: O3 > Job Groups >  > openSUSE Tumbleweed AArch64 > Build20250301 > yast2_gui > aarch64
Machine:  aarch64
YAML_SCHEDULE:  schedule/yast/opensuse/yast2_gui/yast2_gui.yaml
Schedule:  
Failed Modules: 
-----------------------------------
Parsed job: https://openqa.opensuse.org/tests/4894107 | with path: O3 > Job Groups >  > openSUSE Tumbleweed AArch64 > Build20250301 > yast2_ncurses > aarch64
Machine:  aarch64
YAML_SCHEDULE:  schedule/yast/opensuse/yast2_ncurses/yast2_ncurses.yaml
Schedule:  
Failed Modules: 
-----------------------------------
Parsed job: https://openqa.opensuse.org/tests/4894148 | with path: O3 > Job Groups >  > openSUSE Tumbleweed AArch64 > Build20250301 > yast2_nfs_v4_client > aarch64
Machine:  aarch64
YAML_SCHEDULE:  schedule/yast/opensuse/nfs/yast2_nfs_v4_client.yaml
Schedule:  
Failed Modules: 
-----------------------------------
Parsed job: https://openqa.opensuse.org/tests/4893965 | with path: O3 > Job Groups >  > openSUSE Tumbleweed AArch64 > Build20250301 > yast2_nfs_v4_server > aarch64
Machine:  aarch64
YAML_SCHEDULE:  schedule/yast/opensuse/nfs/yast2_nfs_v4_server.yaml
Schedule:  
Failed Modules: 
-----------------------------------
Parsed job: https://openqa.opensuse.org/tests/4893982 | with path: O3 > Job Groups >  > openSUSE Tumbleweed AArch64 > Build20250301 > yast_oneclick_install > aarch64
Machine:  aarch64
YAML_SCHEDULE:  schedule/yast/opensuse/yast_oneclick_install.yaml
Schedule:  
Failed Modules: 
-----------------------------------
Parsed job: https://openqa.opensuse.org/tests/4893972 | with path: O3 > Job Groups >  > openSUSE Tumbleweed AArch64 > Build20250301 > zdup-Leap-15.2-gnome > aarch64
Machine:  aarch64
YAML_SCHEDULE:  
Schedule:  
Failed Modules: 
-----------------------------------
Parsed job: https://openqa.opensuse.org/tests/4894213 | with path: O3 > Job Groups >  > openSUSE Tumbleweed AArch64 > Build20250301 > gnome-live@USBboot_aarch64 > aarch64
Machine:  USBboot_aarch64
YAML_SCHEDULE:  
Schedule:  
Failed Modules: 
-----------------------------------
Parsed job: https://openqa.opensuse.org/tests/4894214 | with path: O3 > Job Groups >  > openSUSE Tumbleweed AArch64 > Build20250301 > mediacheck@USBboot_aarch64 > aarch64
Machine:  USBboot_aarch64
YAML_SCHEDULE:  schedule/yast/opensuse/mediacheck.yaml
Schedule:  
Failed Modules: 
-----------------------------------
Parsed job: https://openqa.opensuse.org/tests/4894206 | with path: O3 > Job Groups >  > openSUSE Tumbleweed AArch64 > Build20250301 > jeos@aarch32-HD20G > arm
Machine:  aarch32-HD20G
YAML_SCHEDULE:  
Schedule:  
Failed Modules: 
-----------------------------------
Parsed job: https://openqa.opensuse.org/tests/4894178 | with path: O3 > Job Groups >  > openSUSE Tumbleweed AArch64 > Build20250301 > jeos@aarch64-HD20G > aarch64
Machine:  aarch64-HD20G
YAML_SCHEDULE:  
Schedule:  
Failed Modules: 
-----------------------------------
Parsed job: https://openqa.opensuse.org/tests/4894173 | with path: O3 > Job Groups >  > openSUSE Tumbleweed AArch64 > Build20250301 > jeos@aarch64_cpu_max-HD20G > aarch64
Machine:  aarch64_cpu_max-HD20G
YAML_SCHEDULE:  
Schedule:  
Failed Modules: 
-----------------------------------
Parsed job: https://openqa.opensuse.org/tests/4894179 | with path: O3 > Job Groups >  > openSUSE Tumbleweed AArch64 > Build20250301 > jeos-apparmor@aarch64-HD20G > aarch64
Machine:  aarch64-HD20G
YAML_SCHEDULE:  
Schedule:  
Failed Modules: 
-----------------------------------
Parsed job: https://openqa.opensuse.org/tests/4894180 | with path: O3 > Job Groups >  > openSUSE Tumbleweed AArch64 > Build20250301 > jeos-container_host@aarch64-HD20G > aarch64
Machine:  aarch64-HD20G
YAML_SCHEDULE:  
Schedule:  
Failed Modules: 
-----------------------------------
Parsed job: https://openqa.opensuse.org/tests/4894181 | with path: O3 > Job Groups >  > openSUSE Tumbleweed AArch64 > Build20250301 > jeos-container_image@aarch64-HD20G > aarch64
Machine:  aarch64-HD20G
YAML_SCHEDULE:  
Schedule:  
Failed Modules: 
-----------------------------------
Parsed job: https://openqa.opensuse.org/tests/4894207 | with path: O3 > Job Groups >  > openSUSE Tumbleweed AArch64 > Build20250301 > jeos-extra@aarch32-HD20G > arm
Machine:  aarch32-HD20G
YAML_SCHEDULE:  
Schedule:  
Failed Modules: 
-----------------------------------
Parsed job: https://openqa.opensuse.org/tests/4894182 | with path: O3 > Job Groups >  > openSUSE Tumbleweed AArch64 > Build20250301 > jeos-extra@aarch64-HD20G > aarch64
Machine:  aarch64-HD20G
YAML_SCHEDULE:  
Schedule:  
Failed Modules: 
-----------------------------------
Parsed job: https://openqa.opensuse.org/tests/4894183 | with path: O3 > Job Groups >  > openSUSE Tumbleweed AArch64 > Build20250301 > jeos-filesystem@aarch64-HD20G > aarch64
Machine:  aarch64-HD20G
YAML_SCHEDULE:  
Schedule:  
Failed Modules: 
-----------------------------------
Parsed job: https://openqa.opensuse.org/tests/4894184 | with path: O3 > Job Groups >  > openSUSE Tumbleweed AArch64 > Build20250301 > jeos-fips@aarch64-HD20G > aarch64
Machine:  aarch64-HD20G
YAML_SCHEDULE:  
Schedule:  
Failed Modules: 
-----------------------------------
Parsed job: https://openqa.opensuse.org/tests/4894165 | with path: O3 > Job Groups >  > openSUSE Tumbleweed AArch64 > Build20250301 > jeos-fips-container_host@aarch64-HD20G > aarch64
Machine:  aarch64-HD20G
YAML_SCHEDULE:  
Schedule:  
Failed Modules: 
-----------------------------------
Parsed job: https://openqa.opensuse.org/tests/4894185 | with path: O3 > Job Groups >  > openSUSE Tumbleweed AArch64 > Build20250301 > jeos-ltp-commands@aarch64-HD20G > aarch64
Machine:  aarch64-HD20G
YAML_SCHEDULE:  
Schedule:  
Failed Modules: 
-----------------------------------
Parsed job: https://openqa.opensuse.org/tests/4894186 | with path: O3 > Job Groups >  > openSUSE Tumbleweed AArch64 > Build20250301 > jeos-ltp-containers@aarch64-HD20G > aarch64
Machine:  aarch64-HD20G
YAML_SCHEDULE:  
Schedule:  
Failed Modules: 
-----------------------------------
Parsed job: https://openqa.opensuse.org/tests/4894187 | with path: O3 > Job Groups >  > openSUSE Tumbleweed AArch64 > Build20250301 > jeos-ltp-cve@aarch64-HD20G > aarch64
Machine:  aarch64-HD20G
YAML_SCHEDULE:  
Schedule:  
Failed Modules: 
-----------------------------------
Parsed job: https://openqa.opensuse.org/tests/4894188 | with path: O3 > Job Groups >  > openSUSE Tumbleweed AArch64 > Build20250301 > jeos-ltp-dio@aarch64-HD20G > aarch64
Machine:  aarch64-HD20G
YAML_SCHEDULE:  
Schedule:  
Failed Modules: 
-----------------------------------
Parsed job: https://openqa.opensuse.org/tests/4894189 | with path: O3 > Job Groups >  > openSUSE Tumbleweed AArch64 > Build20250301 > jeos-ltp-ima@aarch64-HD20G > aarch64
Machine:  aarch64-HD20G
YAML_SCHEDULE:  
Schedule:  
Failed Modules: 
-----------------------------------
Parsed job: https://openqa.opensuse.org/tests/4894190 | with path: O3 > Job Groups >  > openSUSE Tumbleweed AArch64 > Build20250301 > jeos-ltp-syscalls@aarch64-HD20G > aarch64
Machine:  aarch64-HD20G
YAML_SCHEDULE:  
Schedule:  
Failed Modules: 
-----------------------------------
Parsed job: https://openqa.opensuse.org/tests/4894191 | with path: O3 > Job Groups >  > openSUSE Tumbleweed AArch64 > Build20250301 > jeos-ltp-syscalls-ipc@aarch64-HD20G > aarch64
Machine:  aarch64-HD20G
YAML_SCHEDULE:  
Schedule:  
Failed Modules: 
-----------------------------------
Parsed job: https://openqa.opensuse.org/tests/4894192 | with path: O3 > Job Groups >  > openSUSE Tumbleweed AArch64 > Build20250301 > zdup_twjeos2twnext_aarch64@aarch64-HD20G > aarch64
Machine:  aarch64-HD20G
YAML_SCHEDULE:  
Schedule:  
Failed Modules: 
-----------------------------------
Parsed job: https://openqa.opensuse.org/tests/4894194 | with path: O3 > Job Groups >  > openSUSE Tumbleweed AArch64 > Build20250301 > jeos-no-cloud > aarch64
Machine:  aarch64
YAML_SCHEDULE:  
Schedule:  
Failed Modules: 
-----------------------------------
Parsed job: https://openqa.opensuse.org/tests/4894217 | with path: O3 > Job Groups >  > openSUSE Tumbleweed AArch64 > Build20250301 > kde-live@USBboot_aarch64-3G > aarch64
Machine:  USBboot_aarch64-3G
YAML_SCHEDULE:  
Schedule:  
Failed Modules: 
-----------------------------------
Parsed job: https://openqa.opensuse.org/tests/4894218 | with path: O3 > Job Groups >  > openSUSE Tumbleweed AArch64 > Build20250301 > kde-live-wayland@USBboot_aarch64-3G > aarch64
Machine:  USBboot_aarch64-3G
YAML_SCHEDULE:  
Schedule:  
Failed Modules: 
-----------------------------------
Parsed job: https://openqa.opensuse.org/tests/4894221 | with path: O3 > Job Groups >  > openSUSE Tumbleweed AArch64 > Build20250301 > kde-live_installation@USBboot_aarch64-3G > aarch64
Machine:  USBboot_aarch64-3G
YAML_SCHEDULE:  
Schedule:  
Failed Modules: 
-----------------------------------
Parsed job: https://openqa.opensuse.org/tests/4894215 | with path: O3 > Job Groups >  > openSUSE Tumbleweed AArch64 > Build20250301 > kde_live_upgrade_leap_15.0 > aarch64
Machine:  aarch64
YAML_SCHEDULE:  
Schedule:  
Failed Modules: 
-----------------------------------
Parsed job: https://openqa.opensuse.org/tests/4894219 | with path: O3 > Job Groups >  > openSUSE Tumbleweed AArch64 > Build20250301 > kde_live_upgrade_leap_15.5 > aarch64
Machine:  aarch64
YAML_SCHEDULE:  
Schedule:  
Failed Modules: 
-----------------------------------
Parsed job: https://openqa.opensuse.org/tests/4894220 | with path: O3 > Job Groups >  > openSUSE Tumbleweed AArch64 > Build20250301 > kde_live_upgrade_leap_15.6 > aarch64
Machine:  aarch64
YAML_SCHEDULE:  
Schedule:  
Failed Modules: 
-----------------------------------
Parsed job: https://openqa.opensuse.org/tests/4894216 | with path: O3 > Job Groups >  > openSUSE Tumbleweed AArch64 > Build20250301 > mediacheck@USBboot_aarch64 > aarch64
Machine:  USBboot_aarch64
YAML_SCHEDULE:  schedule/yast/opensuse/mediacheck.yaml
Schedule:  
Failed Modules: 
-----------------------------------
Parsed job: https://openqa.opensuse.org/tests/4893840 | with path: O3 > Job Groups >  > openSUSE Tumbleweed AArch64 > Build20250301 > RAID0_gpt_uefi > aarch64
Machine:  aarch64
YAML_SCHEDULE:  schedule/yast/opensuse/raid/raid0_gpt.yaml
Schedule:  
Failed Modules: 
-----------------------------------
Parsed job: https://openqa.opensuse.org/tests/4893884 | with path: O3 > Job Groups >  > openSUSE Tumbleweed AArch64 > Build20250301 > RAID10_gpt_uefi > aarch64
Machine:  aarch64
YAML_SCHEDULE:  schedule/yast/opensuse/raid/raid10_gpt.yaml
Schedule:  
Failed Modules: 
-----------------------------------
Parsed job: https://openqa.opensuse.org/tests/4893844 | with path: O3 > Job Groups >  > openSUSE Tumbleweed AArch64 > Build20250301 > RAID1_gpt_uefi > aarch64
Machine:  aarch64
YAML_SCHEDULE:  schedule/yast/opensuse/raid/raid1_gpt.yaml
Schedule:  
Failed Modules: 
-----------------------------------
Parsed job: https://openqa.opensuse.org/tests/4893845 | with path: O3 > Job Groups >  > openSUSE Tumbleweed AArch64 > Build20250301 > RAID5_gpt_uefi > aarch64
Machine:  aarch64
YAML_SCHEDULE:  schedule/yast/opensuse/raid/raid5_gpt.yaml
Schedule:  
Failed Modules: 
-----------------------------------
Parsed job: https://openqa.opensuse.org/tests/4893875 | with path: O3 > Job Groups >  > openSUSE Tumbleweed AArch64 > Build20250301 > autoyast_gnome > aarch64
Machine:  aarch64
YAML_SCHEDULE:  
Schedule:  
Failed Modules: 
-----------------------------------
Parsed job: https://openqa.opensuse.org/tests/4893847 | with path: O3 > Job Groups >  > openSUSE Tumbleweed AArch64 > Build20250301 > create_hdd_minimalx > aarch64
Machine:  aarch64
YAML_SCHEDULE:  
Schedule:  
Failed Modules: 
-----------------------------------
Parsed job: https://openqa.opensuse.org/tests/4893839 | with path: O3 > Job Groups >  > openSUSE Tumbleweed AArch64 > Build20250301 > create_hdd_minimalx > arm
Machine:  aarch32
YAML_SCHEDULE:  
Schedule:  
Failed Modules: 
-----------------------------------
Parsed job: https://openqa.opensuse.org/tests/4893841 | with path: O3 > Job Groups >  > openSUSE Tumbleweed AArch64 > Build20250301 > create_hdd_textmode > arm
Machine:  aarch32
YAML_SCHEDULE:  
Schedule:  
Failed Modules: 
-----------------------------------
Parsed job: https://openqa.opensuse.org/tests/4893842 | with path: O3 > Job Groups >  > openSUSE Tumbleweed AArch64 > Build20250301 > create_hdd_tumbleweed > aarch64
Machine:  aarch64
YAML_SCHEDULE:  
Schedule:  
Failed Modules: 
-----------------------------------
Parsed job: https://openqa.opensuse.org/tests/4893831 | with path: O3 > Job Groups >  > openSUSE Tumbleweed AArch64 > Build20250301 > create_hdd_tumbleweed_kde > aarch64
Machine:  aarch64
YAML_SCHEDULE:  
Schedule:  
Failed Modules: 
-----------------------------------
Parsed job: https://openqa.opensuse.org/tests/4893837 | with path: O3 > Job Groups >  > openSUSE Tumbleweed AArch64 > Build20250301 > cryptlvm > aarch64
Machine:  aarch64
YAML_SCHEDULE:  schedule/yast/opensuse/encryption/cryptlvm.yaml
Schedule:  
Failed Modules: 
-----------------------------------
Parsed job: https://openqa.opensuse.org/tests/4893843 | with path: O3 > Job Groups >  > openSUSE Tumbleweed AArch64 > Build20250301 > extra_tests_dracut > arm
Machine:  aarch32
YAML_SCHEDULE:  schedule/functional/extra_tests_dracut.yaml
Schedule:  
Failed Modules: 
-----------------------------------
Parsed job: https://openqa.opensuse.org/tests/4893846 | with path: O3 > Job Groups >  > openSUSE Tumbleweed AArch64 > Build20250301 > extra_tests_filesystem > arm
Machine:  aarch32
YAML_SCHEDULE:  
Schedule:  
Failed Modules: 
-----------------------------------
Parsed job: https://openqa.opensuse.org/tests/4893848 | with path: O3 > Job Groups >  > openSUSE Tumbleweed AArch64 > Build20250301 > extra_tests_in_textmode > arm
Machine:  aarch32
YAML_SCHEDULE:  
Schedule:  
Failed Modules: 
-----------------------------------
Parsed job: https://openqa.opensuse.org/tests/4893852 | with path: O3 > Job Groups >  > openSUSE Tumbleweed AArch64 > Build20250301 > gnome+apparmor > aarch64
Machine:  aarch64
YAML_SCHEDULE:  
Schedule:  
Failed Modules: 
-----------------------------------
Parsed job: https://openqa.opensuse.org/tests/4893876 | with path: O3 > Job Groups >  > openSUSE Tumbleweed AArch64 > Build20250301 > gnome+selinux > aarch64
Machine:  aarch64
YAML_SCHEDULE:  
Schedule:  
Failed Modules: 
-----------------------------------
Parsed job: https://openqa.opensuse.org/tests/4893877 | with path: O3 > Job Groups >  > openSUSE Tumbleweed AArch64 > Build20250301 > gnome-gdm > aarch64
Machine:  aarch64
YAML_SCHEDULE:  
Schedule:  
Failed Modules: 
-----------------------------------
Parsed job: https://openqa.opensuse.org/tests/4893829 | with path: O3 > Job Groups >  > openSUSE Tumbleweed AArch64 > Build20250301 > install_only > aarch64
Machine:  aarch64
YAML_SCHEDULE:  
Schedule:  
Failed Modules: 
-----------------------------------
Parsed job: https://openqa.opensuse.org/tests/4893830 | with path: O3 > Job Groups >  > openSUSE Tumbleweed AArch64 > Build20250301 > install_only > arm
Machine:  aarch32
YAML_SCHEDULE:  
Schedule:  
Failed Modules: 
-----------------------------------
Parsed job: https://openqa.opensuse.org/tests/4893836 | with path: O3 > Job Groups >  > openSUSE Tumbleweed AArch64 > Build20250301 > install_only@aarch64-secureboot-opensuse-key > aarch64
Machine:  aarch64-secureboot-opensuse-key
YAML_SCHEDULE:  
Schedule:  
Failed Modules: 
-----------------------------------
Parsed job: https://openqa.opensuse.org/tests/4893854 | with path: O3 > Job Groups >  > openSUSE Tumbleweed AArch64 > Build20250301 > kde+apparmor > aarch64
Machine:  aarch64
YAML_SCHEDULE:  
Schedule:  
Failed Modules: 
-----------------------------------
Parsed job: https://openqa.opensuse.org/tests/4893878 | with path: O3 > Job Groups >  > openSUSE Tumbleweed AArch64 > Build20250301 > kde+selinux > aarch64
Machine:  aarch64
YAML_SCHEDULE:  
Schedule:  
Failed Modules: 
-----------------------------------
Parsed job: https://openqa.opensuse.org/tests/4893851 | with path: O3 > Job Groups >  > openSUSE Tumbleweed AArch64 > Build20250301 > lxde > aarch64
Machine:  aarch64
YAML_SCHEDULE:  
Schedule:  
Failed Modules: 
-----------------------------------
Parsed job: https://openqa.opensuse.org/tests/4893833 | with path: O3 > Job Groups >  > openSUSE Tumbleweed AArch64 > Build20250301 > mediacheck > arm
Machine:  aarch32
YAML_SCHEDULE:  schedule/yast/opensuse/mediacheck.yaml
Schedule:  
Failed Modules: 
-----------------------------------
Parsed job: https://openqa.opensuse.org/tests/4893834 | with path: O3 > Job Groups >  > openSUSE Tumbleweed AArch64 > Build20250301 > minimalx > aarch64
Machine:  aarch64
YAML_SCHEDULE:  
Schedule:  
Failed Modules: 
-----------------------------------
Parsed job: https://openqa.opensuse.org/tests/4893882 | with path: O3 > Job Groups >  > openSUSE Tumbleweed AArch64 > Build20250301 > otherDE_awesome > aarch64
Machine:  aarch64
YAML_SCHEDULE:  
Schedule:  
Failed Modules: 
-----------------------------------
Parsed job: https://openqa.opensuse.org/tests/4893853 | with path: O3 > Job Groups >  > openSUSE Tumbleweed AArch64 > Build20250301 > otherDE_awesome > arm
Machine:  aarch32
YAML_SCHEDULE:  
Schedule:  
Failed Modules: 
-----------------------------------
Parsed job: https://openqa.opensuse.org/tests/4893885 | with path: O3 > Job Groups >  > openSUSE Tumbleweed AArch64 > Build20250301 > otherDE_enlightenment > aarch64
Machine:  aarch64
YAML_SCHEDULE:  
Schedule:  
Failed Modules: 
-----------------------------------
Parsed job: https://openqa.opensuse.org/tests/4893855 | with path: O3 > Job Groups >  > openSUSE Tumbleweed AArch64 > Build20250301 > otherDE_enlightenment > arm
Machine:  aarch32
YAML_SCHEDULE:  
Schedule:  
Failed Modules: 
-----------------------------------
Parsed job: https://openqa.opensuse.org/tests/4893849 | with path: O3 > Job Groups >  > openSUSE Tumbleweed AArch64 > Build20250301 > otherDE_lxqt > aarch64
Machine:  aarch64
YAML_SCHEDULE:  
Schedule:  
Failed Modules: 
-----------------------------------
Parsed job: https://openqa.opensuse.org/tests/4893857 | with path: O3 > Job Groups >  > openSUSE Tumbleweed AArch64 > Build20250301 > otherDE_lxqt > arm
Machine:  aarch32
YAML_SCHEDULE:  
Schedule:  
Failed Modules: 
-----------------------------------
Parsed job: https://openqa.opensuse.org/tests/4893883 | with path: O3 > Job Groups >  > openSUSE Tumbleweed AArch64 > Build20250301 > otherDE_mate > aarch64
Machine:  aarch64
YAML_SCHEDULE:  
Schedule:  
Failed Modules: 
-----------------------------------
Parsed job: https://openqa.opensuse.org/tests/4893835 | with path: O3 > Job Groups >  > openSUSE Tumbleweed AArch64 > Build20250301 > rescue_system > arm
Machine:  aarch32
YAML_SCHEDULE:  
Schedule:  
Failed Modules: 
-----------------------------------
Parsed job: https://openqa.opensuse.org/tests/4893859 | with path: O3 > Job Groups >  > openSUSE Tumbleweed AArch64 > Build20250301 > systemd-networkd > arm
Machine:  aarch32
YAML_SCHEDULE:  schedule/functional/extra_tests_networkd.yaml
Schedule:  
Failed Modules: 
-----------------------------------
Parsed job: https://openqa.opensuse.org/tests/4893832 | with path: O3 > Job Groups >  > openSUSE Tumbleweed AArch64 > Build20250301 > textmode > aarch64
Machine:  aarch64
YAML_SCHEDULE:  
Schedule:  
Failed Modules: 
-----------------------------------
Parsed job: https://openqa.opensuse.org/tests/4893838 | with path: O3 > Job Groups >  > openSUSE Tumbleweed AArch64 > Build20250301 > textmode > arm
Machine:  aarch32
YAML_SCHEDULE:  
Schedule:  
Failed Modules: 
-----------------------------------
Parsed job: https://openqa.opensuse.org/tests/4893856 | with path: O3 > Job Groups >  > openSUSE Tumbleweed AArch64 > Build20250301 > textmode+apparmor > aarch64
Machine:  aarch64
YAML_SCHEDULE:  
Schedule:  
Failed Modules: 
-----------------------------------
Parsed job: https://openqa.opensuse.org/tests/4893879 | with path: O3 > Job Groups >  > openSUSE Tumbleweed AArch64 > Build20250301 > textmode+selinux > aarch64
Machine:  aarch64
YAML_SCHEDULE:  
Schedule:  
Failed Modules: 
-----------------------------------
Parsed job: https://openqa.opensuse.org/tests/4893862 | with path: O3 > Job Groups >  > openSUSE Tumbleweed AArch64 > Build20250301 > toolchain_zypper > arm
Machine:  aarch32
YAML_SCHEDULE:  schedule/functional/toolchain.yaml
Schedule:  
Failed Modules: 
-----------------------------------
Parsed job: https://openqa.opensuse.org/tests/4893860 | with path: O3 > Job Groups >  > openSUSE Tumbleweed AArch64 > Build20250301 > update_tw2twnext_gnome > aarch64
Machine:  aarch64
YAML_SCHEDULE:  
Schedule:  
Failed Modules: 
-----------------------------------
Parsed job: https://openqa.opensuse.org/tests/4893864 | with path: O3 > Job Groups >  > openSUSE Tumbleweed AArch64 > Build20250301 > wicked_basic_ref > arm
Machine:  aarch32
YAML_SCHEDULE:  
Schedule:  
Failed Modules: 
-----------------------------------
Parsed job: https://openqa.opensuse.org/tests/4893866 | with path: O3 > Job Groups >  > openSUSE Tumbleweed AArch64 > Build20250301 > wicked_basic_sut > arm
Machine:  aarch32
YAML_SCHEDULE:  
Schedule:  
Failed Modules: 
-----------------------------------
Parsed job: https://openqa.opensuse.org/tests/4893869 | with path: O3 > Job Groups >  > openSUSE Tumbleweed AArch64 > Build20250301 > yast2_nfs_v4_client > arm
Machine:  aarch32
YAML_SCHEDULE:  schedule/yast/opensuse/nfs/yast2_nfs_v4_client.yaml
Schedule:  
Failed Modules: 
-----------------------------------
Parsed job: https://openqa.opensuse.org/tests/4893850 | with path: O3 > Job Groups >  > openSUSE Tumbleweed AArch64 > Build20250301 > yast2_nfs_v4_server > arm
Machine:  aarch32
YAML_SCHEDULE:  schedule/yast/opensuse/nfs/yast2_nfs_v4_server.yaml
Schedule:  
Failed Modules: 
-----------------------------------
Parsed job: https://openqa.opensuse.org/tests/4893868 | with path: O3 > Job Groups >  > openSUSE Tumbleweed AArch64 > Build20250301 > zdup-Leap-15.3-gnome > aarch64
Machine:  aarch64
YAML_SCHEDULE:  
Schedule:  
Failed Modules: 
-----------------------------------
Parsed job: https://openqa.opensuse.org/tests/4893870 | with path: O3 > Job Groups >  > openSUSE Tumbleweed AArch64 > Build20250301 > zdup-Leap-15.3-kde > aarch64
Machine:  aarch64
YAML_SCHEDULE:  
Schedule:  
Failed Modules: 
-----------------------------------
Parsed job: https://openqa.opensuse.org/tests/4893871 | with path: O3 > Job Groups >  > openSUSE Tumbleweed AArch64 > Build20250301 > zdup-Leap-15.5-gnome > aarch64
Machine:  aarch64
YAML_SCHEDULE:  
Schedule:  
Failed Modules: 
-----------------------------------
Parsed job: https://openqa.opensuse.org/tests/4893872 | with path: O3 > Job Groups >  > openSUSE Tumbleweed AArch64 > Build20250301 > zdup-Leap-15.5-kde > aarch64
Machine:  aarch64
YAML_SCHEDULE:  
Schedule:  
Failed Modules: 
-----------------------------------
Parsed job: https://openqa.opensuse.org/tests/4893873 | with path: O3 > Job Groups >  > openSUSE Tumbleweed AArch64 > Build20250301 > zdup-Leap-15.6-gnome > aarch64
Machine:  aarch64
YAML_SCHEDULE:  
Schedule:  
Failed Modules: 
-----------------------------------
Parsed job: https://openqa.opensuse.org/tests/4893874 | with path: O3 > Job Groups >  > openSUSE Tumbleweed AArch64 > Build20250301 > zdup-Leap-15.6-kde > aarch64
Machine:  aarch64
YAML_SCHEDULE:  
Schedule:  
Failed Modules: 
-----------------------------------
Parsed job: https://openqa.opensuse.org/tests/4893863 | with path: O3 > Job Groups >  > openSUSE Tumbleweed AArch64 > Build20250301 > zdup_in_x_tw2twnext_gnome > aarch64
Machine:  aarch64
YAML_SCHEDULE:  
Schedule:  
Failed Modules: 
-----------------------------------
Parsed job: https://openqa.opensuse.org/tests/4893881 | with path: O3 > Job Groups >  > openSUSE Tumbleweed AArch64 > Build20250301 > zdup_tw2twnext_gnome > aarch64
Machine:  aarch64
YAML_SCHEDULE:  
Schedule:  
Failed Modules: 
-----------------------------------
Parsed job: https://openqa.opensuse.org/tests/4894212 | with path: O3 > Job Groups >  > openSUSE Tumbleweed AArch64 > Build20250301 > mediacheck@USBboot_aarch64 > aarch64
Machine:  USBboot_aarch64
YAML_SCHEDULE:  schedule/yast/opensuse/mediacheck.yaml
Schedule:  
Failed Modules: 
-----------------------------------
Parsed job: https://openqa.opensuse.org/tests/4894211 | with path: O3 > Job Groups >  > openSUSE Tumbleweed AArch64 > Build20250301 > rescue@USBboot_aarch64 > aarch64
Machine:  USBboot_aarch64
YAML_SCHEDULE:  
Schedule:  
Failed Modules: 
-----------------------------------
Parsed job: https://openqa.opensuse.org/tests/4894251 | with path: O3 > Job Groups >  > openSUSE Tumbleweed AArch64 > Build20250301 > wsl-main@win11_uefi_aarch64 > aarch64
Machine:  win11_uefi_aarch64
YAML_SCHEDULE:  schedule/wsl/wsl_main.yaml
Schedule:  
Failed Modules: 
-----------------------------------
Parsed job: https://openqa.opensuse.org/tests/4894252 | with path: O3 > Job Groups >  > openSUSE Tumbleweed AArch64 > Build20250301 > wsl2-main@win11_uefi_aarch64_wsl2 > aarch64
Machine:  win11_uefi_aarch64_wsl2
YAML_SCHEDULE:  schedule/wsl/wsl_main.yaml
Schedule:  
Failed Modules: 
-----------------------------------
Parsed job: https://openqa.opensuse.org/tests/4894222 | with path: O3 > Job Groups >  > openSUSE Tumbleweed AArch64 > Build20250301 > mediacheck@USBboot_aarch64 > aarch64
Machine:  USBboot_aarch64
YAML_SCHEDULE:  schedule/yast/opensuse/mediacheck.yaml
Schedule:  
Failed Modules: 
-----------------------------------
Parsed job: https://openqa.opensuse.org/tests/4894223 | with path: O3 > Job Groups >  > openSUSE Tumbleweed AArch64 > Build20250301 > xfce-live@USBboot_aarch64 > aarch64
Machine:  USBboot_aarch64
YAML_SCHEDULE:  
Schedule:  
Failed Modules: 
-----------------------------------
ParseBuilds:  O3 > Job Groups >  > openSUSE Tumbleweed Legacy x86  url: https://openqa.opensuse.org/group_overview/75
ParseJobs:  O3 > Job Groups >  > openSUSE Tumbleweed Legacy x86 > Build20250302  url: https://openqa.opensuse.org/tests/overview?distri=opensuse&version=Tumbleweed&build=20250302&groupid=75
Parsed job: https://openqa.opensuse.org/tests/4895098 | with path: O3 > Job Groups >  > openSUSE Tumbleweed Legacy x86 > Build20250302 > gnome > i586
Machine:  32bit
YAML_SCHEDULE:  
Schedule:  
Failed Modules: 
-----------------------------------
Parsed job: https://openqa.opensuse.org/tests/4895099 | with path: O3 > Job Groups >  > openSUSE Tumbleweed Legacy x86 > Build20250302 > kde > i586
Machine:  32bit
YAML_SCHEDULE:  
Schedule:  
Failed Modules: 
-----------------------------------
Parsed job: https://openqa.opensuse.org/tests/4895101 | with path: O3 > Job Groups >  > openSUSE Tumbleweed Legacy x86 > Build20250302 > mediacheck > i586
Machine:  32bit
YAML_SCHEDULE:  schedule/yast/opensuse/mediacheck.yaml
Schedule:  
Failed Modules: 
-----------------------------------
Parsed job: https://openqa.opensuse.org/tests/4895104 | with path: O3 > Job Groups >  > openSUSE Tumbleweed Legacy x86 > Build20250302 > minimalx > i586
Machine:  32bit
YAML_SCHEDULE:  
Schedule:  
Failed Modules: 
-----------------------------------
Parsed job: https://openqa.opensuse.org/tests/4895105 | with path: O3 > Job Groups >  > openSUSE Tumbleweed Legacy x86 > Build20250302 > rescue_system > i586
Machine:  32bit
YAML_SCHEDULE:  
Schedule:  
Failed Modules: 
-----------------------------------
Parsed job: https://openqa.opensuse.org/tests/4895093 | with path: O3 > Job Groups >  > openSUSE Tumbleweed Legacy x86 > Build20250302 > textmode > i586
Machine:  32bit
YAML_SCHEDULE:  
Schedule:  
Failed Modules: 
-----------------------------------
Parsed job: https://openqa.opensuse.org/tests/4895097 | with path: O3 > Job Groups >  > openSUSE Tumbleweed Legacy x86 > Build20250302 > textmode@pentium3 > i586
Machine:  pentium3
YAML_SCHEDULE:  
Schedule:  
Failed Modules: 
-----------------------------------
Parsed job: https://openqa.opensuse.org/tests/4895107 | with path: O3 > Job Groups >  > openSUSE Tumbleweed Legacy x86 > Build20250302 > xfce > i586
Machine:  32bit
YAML_SCHEDULE:  
Schedule:  
Failed Modules: 
-----------------------------------
Parsed job: https://openqa.opensuse.org/tests/4895109 | with path: O3 > Job Groups >  > openSUSE Tumbleweed Legacy x86 > Build20250302 > create_hdd_gnome > i586
Machine:  32bit
YAML_SCHEDULE:  
Schedule:  
Failed Modules: 
-----------------------------------
Parsed job: https://openqa.opensuse.org/tests/4895108 | with path: O3 > Job Groups >  > openSUSE Tumbleweed Legacy x86 > Build20250302 > create_hdd_textmode > i586
Machine:  32bit
YAML_SCHEDULE:  
Schedule:  
Failed Modules: 
-----------------------------------
Parsed job: https://openqa.opensuse.org/tests/4895095 | with path: O3 > Job Groups >  > openSUSE Tumbleweed Legacy x86 > Build20250302 > gnome > i586
Machine:  32bit
YAML_SCHEDULE:  
Schedule:  
Failed Modules: 
-----------------------------------
Parsed job: https://openqa.opensuse.org/tests/4895094 | with path: O3 > Job Groups >  > openSUSE Tumbleweed Legacy x86 > Build20250302 > install_only > i586
Machine:  32bit
YAML_SCHEDULE:  
Schedule:  
Failed Modules: 
-----------------------------------
Parsed job: https://openqa.opensuse.org/tests/4895096 | with path: O3 > Job Groups >  > openSUSE Tumbleweed Legacy x86 > Build20250302 > kde > i586
Machine:  32bit
YAML_SCHEDULE:  
Schedule:  
Failed Modules: 
-----------------------------------
Parsed job: https://openqa.opensuse.org/tests/4895100 | with path: O3 > Job Groups >  > openSUSE Tumbleweed Legacy x86 > Build20250302 > mediacheck > i586
Machine:  32bit
YAML_SCHEDULE:  schedule/yast/opensuse/mediacheck.yaml
Schedule:  
Failed Modules: 
-----------------------------------
Parsed job: https://openqa.opensuse.org/tests/4895102 | with path: O3 > Job Groups >  > openSUSE Tumbleweed Legacy x86 > Build20250302 > minimalx > i586
Machine:  32bit
YAML_SCHEDULE:  
Schedule:  
Failed Modules: 
-----------------------------------
Parsed job: https://openqa.opensuse.org/tests/4895103 | with path: O3 > Job Groups >  > openSUSE Tumbleweed Legacy x86 > Build20250302 > rescue_system > i586
Machine:  32bit
YAML_SCHEDULE:  
Schedule:  
Failed Modules: 
-----------------------------------
Parsed job: https://openqa.opensuse.org/tests/4895114 | with path: O3 > Job Groups >  > openSUSE Tumbleweed Legacy x86 > Build20250302 > security_pam > i586
Machine:  32bit
YAML_SCHEDULE:  
Schedule:  
Failed Modules: 
-----------------------------------
Parsed job: https://openqa.opensuse.org/tests/4895115 | with path: O3 > Job Groups >  > openSUSE Tumbleweed Legacy x86 > Build20250302 > toolchain_zypper > i586
Machine:  32bit
YAML_SCHEDULE:  schedule/functional/toolchain.yaml
Schedule:  
Failed Modules: 
-----------------------------------
Parsed job: https://openqa.opensuse.org/tests/4895106 | with path: O3 > Job Groups >  > openSUSE Tumbleweed Legacy x86 > Build20250302 > xfce > i586
Machine:  32bit
YAML_SCHEDULE:  
Schedule:  
Failed Modules: 
-----------------------------------
ParseBuilds:  O3 > Job Groups >  > openSUSE Tumbleweed PowerPC  url: https://openqa.opensuse.org/group_overview/4
ParseJobs:  O3 > Job Groups >  > openSUSE Tumbleweed PowerPC > Build20250226  url: https://openqa.opensuse.org/tests/overview?distri=microos&distri=opensuse&version=Tumbleweed&build=20250226&groupid=4
Parsed job: https://openqa.opensuse.org/tests/4886872 | with path: O3 > Job Groups >  > openSUSE Tumbleweed PowerPC > Build20250226 > microos_10G-disk > ppc64le
Machine:  ppc64le
YAML_SCHEDULE:  
Schedule:  
Failed Modules: 
-----------------------------------
Parsed job: https://openqa.opensuse.org/tests/4886873 | with path: O3 > Job Groups >  > openSUSE Tumbleweed PowerPC > Build20250226 > rcshell > ppc64le
Machine:  ppc64le
YAML_SCHEDULE:  
Schedule:  
Failed Modules: 
-----------------------------------
Parsed job: https://openqa.opensuse.org/tests/4886791 | with path: O3 > Job Groups >  > openSUSE Tumbleweed PowerPC > Build20250226 > RAID0 > ppc64le
Machine:  ppc64le
YAML_SCHEDULE:  schedule/yast/opensuse/raid/raid0_gpt.yaml
Schedule:  
Failed Modules: 
-----------------------------------
Parsed job: https://openqa.opensuse.org/tests/4886792 | with path: O3 > Job Groups >  > openSUSE Tumbleweed PowerPC > Build20250226 > RAID1 > ppc64le
Machine:  ppc64le
YAML_SCHEDULE:  schedule/yast/opensuse/raid/raid1_gpt.yaml
Schedule:  
Failed Modules: 
-----------------------------------
Parsed job: https://openqa.opensuse.org/tests/4886793 | with path: O3 > Job Groups >  > openSUSE Tumbleweed PowerPC > Build20250226 > RAID5 > ppc64le
Machine:  ppc64le
YAML_SCHEDULE:  schedule/yast/opensuse/raid/raid5_gpt.yaml
Schedule:  
Failed Modules: 
-----------------------------------
Parsed job: https://openqa.opensuse.org/tests/4886768 | with path: O3 > Job Groups >  > openSUSE Tumbleweed PowerPC > Build20250226 > boot_to_snapshot > ppc64le
Machine:  ppc64le
YAML_SCHEDULE:  schedule/boot_to_snapshot.yaml
Schedule:  
Failed Modules: 
-----------------------------------
Parsed job: https://openqa.opensuse.org/tests/4886850 | with path: O3 > Job Groups >  > openSUSE Tumbleweed PowerPC > Build20250226 > container_host_docker > ppc64le
Machine:  ppc64le
YAML_SCHEDULE:  
Schedule:  
Failed Modules: 
-----------------------------------
Parsed job: https://openqa.opensuse.org/tests/4886851 | with path: O3 > Job Groups >  > openSUSE Tumbleweed PowerPC > Build20250226 > container_host_podman > ppc64le
Machine:  ppc64le
YAML_SCHEDULE:  
Schedule:  
Failed Modules: 
-----------------------------------
Parsed job: https://openqa.opensuse.org/tests/4886787 | with path: O3 > Job Groups >  > openSUSE Tumbleweed PowerPC > Build20250226 > create_hdd_gnome > ppc64le
Machine:  ppc64le
YAML_SCHEDULE:  
Schedule:  
Failed Modules: 
-----------------------------------
Parsed job: https://openqa.opensuse.org/tests/4886812 | with path: O3 > Job Groups >  > openSUSE Tumbleweed PowerPC > Build20250226 > create_hdd_gnome_libyui > ppc64le
Machine:  ppc64le
YAML_SCHEDULE:  schedule/yast/opensuse/create_hdd_gnome_libyui.yaml
Schedule:  
Failed Modules: 
-----------------------------------
Parsed job: https://openqa.opensuse.org/tests/4886759 | with path: O3 > Job Groups >  > openSUSE Tumbleweed PowerPC > Build20250226 > create_hdd_kde > ppc64le
Machine:  ppc64le
YAML_SCHEDULE:  
Schedule:  
Failed Modules: 
-----------------------------------
Parsed job: https://openqa.opensuse.org/tests/4886766 | with path: O3 > Job Groups >  > openSUSE Tumbleweed PowerPC > Build20250226 > create_hdd_textmode > ppc64le
Machine:  ppc64le
YAML_SCHEDULE:  
Schedule:  
Failed Modules: 
-----------------------------------
Parsed job: https://openqa.opensuse.org/tests/4886820 | with path: O3 > Job Groups >  > openSUSE Tumbleweed PowerPC > Build20250226 > ext4_textmode > ppc64le
Machine:  ppc64le
YAML_SCHEDULE:  schedule/yast/opensuse/ext4/ext4_textmode.yaml
Schedule:  
Failed Modules: 
-----------------------------------
Parsed job: https://openqa.opensuse.org/tests/4886804 | with path: O3 > Job Groups >  > openSUSE Tumbleweed PowerPC > Build20250226 > extra_tests_dracut > ppc64le
Machine:  ppc64le
YAML_SCHEDULE:  schedule/functional/extra_tests_dracut.yaml
Schedule:  
Failed Modules: 
-----------------------------------
Parsed job: https://openqa.opensuse.org/tests/4886853 | with path: O3 > Job Groups >  > openSUSE Tumbleweed PowerPC > Build20250226 > extra_tests_filesystem > ppc64le
Machine:  ppc64le
YAML_SCHEDULE:  
Schedule:  
Failed Modules: 
-----------------------------------
Parsed job: https://openqa.opensuse.org/tests/4887086 | with path: O3 > Job Groups >  > openSUSE Tumbleweed PowerPC > Build20250226 > extra_tests_gnome > ppc64le
Machine:  ppc64le
YAML_SCHEDULE:  schedule/functional/extra_tests_gnome.yaml
Schedule:  
Failed Modules: 
-----------------------------------
Parsed job: https://openqa.opensuse.org/tests/4887087 | with path: O3 > Job Groups >  > openSUSE Tumbleweed PowerPC > Build20250226 > extra_tests_textmode > ppc64le
Machine:  ppc64le
YAML_SCHEDULE:  schedule/functional/extra_tests_textmode.yaml
Schedule:  
Failed Modules: 
-----------------------------------
Parsed job: https://openqa.opensuse.org/tests/4886784 | with path: O3 > Job Groups >  > openSUSE Tumbleweed PowerPC > Build20250226 > gnome > ppc64le
Machine:  ppc64le
YAML_SCHEDULE:  
Schedule:  
Failed Modules: 
-----------------------------------
Parsed job: https://openqa.opensuse.org/tests/4886765 | with path: O3 > Job Groups >  > openSUSE Tumbleweed PowerPC > Build20250226 > gpt > ppc64le
Machine:  ppc64le
YAML_SCHEDULE:  schedule/yast/opensuse/gpt.yaml
Schedule:  
Failed Modules: 
-----------------------------------
Parsed job: https://openqa.opensuse.org/tests/4889364 | with path: O3 > Job Groups >  > openSUSE Tumbleweed PowerPC > Build20250226 > install_minimalx@ppc64le-multipath > ppc64le
Machine:  ppc64le-multipath
YAML_SCHEDULE:  
Schedule:  
Failed Modules: 
-----------------------------------
Parsed job: https://openqa.opensuse.org/tests/4886788 | with path: O3 > Job Groups >  > openSUSE Tumbleweed PowerPC > Build20250226 > install_only > ppc64le
Machine:  ppc64le
YAML_SCHEDULE:  
Schedule:  
Failed Modules: 
-----------------------------------
Parsed job: https://openqa.opensuse.org/tests/4886864 | with path: O3 > Job Groups >  > openSUSE Tumbleweed PowerPC > Build20250226 > lvm > ppc64le
Machine:  ppc64le
YAML_SCHEDULE:  schedule/yast/opensuse/lvm/lvm.yaml
Schedule:  
Failed Modules: 
-----------------------------------
Parsed job: https://openqa.opensuse.org/tests/4886763 | with path: O3 > Job Groups >  > openSUSE Tumbleweed PowerPC > Build20250226 > mediacheck > ppc64le
Machine:  ppc64le
YAML_SCHEDULE:  schedule/yast/opensuse/mediacheck.yaml
Schedule:  
Failed Modules: 
-----------------------------------
Parsed job: https://openqa.opensuse.org/tests/4886760 | with path: O3 > Job Groups >  > openSUSE Tumbleweed PowerPC > Build20250226 > minimalx > ppc64le
Machine:  ppc64le
YAML_SCHEDULE:  
Schedule:  
Failed Modules: 
-----------------------------------
Parsed job: https://openqa.opensuse.org/tests/4886761 | with path: O3 > Job Groups >  > openSUSE Tumbleweed PowerPC > Build20250226 > rescue_system > ppc64le
Machine:  ppc64le
YAML_SCHEDULE:  
Schedule:  
Failed Modules: 
-----------------------------------
Parsed job: https://openqa.opensuse.org/tests/4886762 | with path: O3 > Job Groups >  > openSUSE Tumbleweed PowerPC > Build20250226 > textmode > ppc64le
Machine:  ppc64le
YAML_SCHEDULE:  
Schedule:  
Failed Modules: 
-----------------------------------
Parsed job: https://openqa.opensuse.org/tests/4886767 | with path: O3 > Job Groups >  > openSUSE Tumbleweed PowerPC > Build20250226 > toolchain_zypper > ppc64le
Machine:  ppc64le
YAML_SCHEDULE:  schedule/functional/toolchain.yaml
Schedule:  
Failed Modules: 
-----------------------------------
Parsed job: https://openqa.opensuse.org/tests/4887090 | with path: O3 > Job Groups >  > openSUSE Tumbleweed PowerPC > Build20250226 > yast2_ncurses > ppc64le
Machine:  ppc64le
YAML_SCHEDULE:  schedule/yast/opensuse/yast2_ncurses/yast2_ncurses.yaml
Schedule:  
Failed Modules: 
-----------------------------------
Parsed job: https://openqa.opensuse.org/tests/4886758 | with path: O3 > Job Groups >  > openSUSE Tumbleweed PowerPC > Build20250226 > install_minimalx > ppc64le
Machine:  ppc64le
YAML_SCHEDULE:  
Schedule:  
Failed Modules: 
-----------------------------------
ParseBuilds:  O3 > Job Groups >  > openSUSE Tumbleweed s390x  url: https://openqa.opensuse.org/group_overview/34
ParseJobs:  O3 > Job Groups >  > openSUSE Tumbleweed s390x > Build20250221  url: https://openqa.opensuse.org/tests/overview?distri=opensuse&version=Tumbleweed&build=20250221&groupid=34
Parsed job: https://openqa.opensuse.org/tests/4876079 | with path: O3 > Job Groups >  > openSUSE Tumbleweed s390x > Build20250221 > autoyast_zvm > s390x
Machine:  s390x-zVM-vswitch-l2
YAML_SCHEDULE:  schedule/yast/autoyast/autoyast_zvm_sles_product_reg.yaml
Schedule:  
Failed Modules: 
-----------------------------------
Parsed job: https://openqa.opensuse.org/tests/4876066 | with path: O3 > Job Groups >  > openSUSE Tumbleweed s390x > Build20250221 > textmode > s390x
Machine:  s390x-zVM-vswitch-l2
YAML_SCHEDULE:  
Schedule:  
Failed Modules: 
-----------------------------------
Parsed job: https://openqa.opensuse.org/tests/4876067 | with path: O3 > Job Groups >  > openSUSE Tumbleweed s390x > Build20250221 > textmode-server > s390x
Machine:  s390x-zVM-vswitch-l2
YAML_SCHEDULE:  
Schedule:  
Failed Modules: 
-----------------------------------
ParseBuilds:  O3 > Job Groups >  > openSUSE Tumbleweed RISC-V  url: https://openqa.opensuse.org/group_overview/125
ParseJobs:  O3 > Job Groups >  > openSUSE Tumbleweed RISC-V > Build20250225  url: https://openqa.opensuse.org/tests/overview?distri=opensuse&version=Tumbleweed&build=20250225&groupid=125
Parsed job: https://openqa.opensuse.org/tests/4894291 | with path: O3 > Job Groups >  > openSUSE Tumbleweed RISC-V > Build20250225 > jeos > riscv64
Machine:  riscv64_cpu_max
YAML_SCHEDULE:  
Schedule:  
Failed Modules: 
-----------------------------------
Parsed job: https://openqa.opensuse.org/tests/4894296 | with path: O3 > Job Groups >  > openSUSE Tumbleweed RISC-V > Build20250225 > jeos-container_host_docker > riscv64
Machine:  riscv64_cpu_max
YAML_SCHEDULE:  
Schedule:  
Failed Modules: 
-----------------------------------
Parsed job: https://openqa.opensuse.org/tests/4894297 | with path: O3 > Job Groups >  > openSUSE Tumbleweed RISC-V > Build20250225 > jeos-container_host_podman > riscv64
Machine:  riscv64_cpu_max
YAML_SCHEDULE:  
Schedule:  
Failed Modules: 
-----------------------------------
Parsed job: https://openqa.opensuse.org/tests/4894292 | with path: O3 > Job Groups >  > openSUSE Tumbleweed RISC-V > Build20250225 > jeos-ltp-commands > riscv64
Machine:  riscv64_cpu_max
YAML_SCHEDULE:  
Schedule:  
Failed Modules: 
-----------------------------------
Parsed job: https://openqa.opensuse.org/tests/4894293 | with path: O3 > Job Groups >  > openSUSE Tumbleweed RISC-V > Build20250225 > jeos-ltp-containers > riscv64
Machine:  riscv64_cpu_max
YAML_SCHEDULE:  
Schedule:  
Failed Modules: 
-----------------------------------
Parsed job: https://openqa.opensuse.org/tests/4894294 | with path: O3 > Job Groups >  > openSUSE Tumbleweed RISC-V > Build20250225 > jeos-ltp-cve > riscv64
Machine:  riscv64_cpu_max
YAML_SCHEDULE:  
Schedule:  
Failed Modules: 
-----------------------------------
Parsed job: https://openqa.opensuse.org/tests/4894295 | with path: O3 > Job Groups >  > openSUSE Tumbleweed RISC-V > Build20250225 > jeos-ltp-syscalls > riscv64
Machine:  riscv64_cpu_max
YAML_SCHEDULE:  
Schedule:  
Failed Modules: 
-----------------------------------
ParseBuilds:  O3 > Job Groups >  > openSUSE Tumbleweed Kernel  url: https://openqa.opensuse.org/group_overview/32
ParseJobs:  O3 > Job Groups >  > openSUSE Tumbleweed Kernel > Build20250302  url: https://openqa.opensuse.org/tests/overview?distri=opensuse&version=Tumbleweed&build=20250302&groupid=32
Parsed job: https://openqa.opensuse.org/tests/4894842 | with path: O3 > Job Groups >  > openSUSE Tumbleweed Kernel > Build20250302 > bpftools > x86_64
Machine:  64bit
YAML_SCHEDULE:  schedule/kernel/bpftools.yaml
Schedule:  
Failed Modules: 
-----------------------------------
Parsed job: https://openqa.opensuse.org/tests/4894906 | with path: O3 > Job Groups >  > openSUSE Tumbleweed Kernel > Build20250302 > create_hdd_xfstests > x86_64
Machine:  64bit
YAML_SCHEDULE:  
Schedule:  
Failed Modules: 
-----------------------------------
Parsed job: https://openqa.opensuse.org/tests/4894705 | with path: O3 > Job Groups >  > openSUSE Tumbleweed Kernel > Build20250302 > extra_tests_kernel > x86_64
Machine:  64bit
YAML_SCHEDULE:  
Schedule:  
Failed Modules: 
-----------------------------------
Parsed job: https://openqa.opensuse.org/tests/4894675 | with path: O3 > Job Groups >  > openSUSE Tumbleweed Kernel > Build20250302 > install_ltp+opensuse+DVD > x86_64
Machine:  64bit
YAML_SCHEDULE:  
Schedule:  
Failed Modules: 
-----------------------------------
Parsed job: https://openqa.opensuse.org/tests/4894792 | with path: O3 > Job Groups >  > openSUSE Tumbleweed Kernel > Build20250302 > install_ltp_kotd+opensuse+DVD > x86_64
Machine:  64bit
YAML_SCHEDULE:  
Schedule:  
Failed Modules: 
-----------------------------------
Parsed job: https://openqa.opensuse.org/tests/4894843 | with path: O3 > Job Groups >  > openSUSE Tumbleweed Kernel > Build20250302 > io_uring > x86_64
Machine:  64bit
YAML_SCHEDULE:  schedule/kernel/io_uring.yaml
Schedule:  
Failed Modules: 
-----------------------------------
Parsed job: https://openqa.opensuse.org/tests/4894964 | with path: O3 > Job Groups >  > openSUSE Tumbleweed Kernel > Build20250302 > ipsec_3hosts_right_node > x86_64
Machine:  64bit
YAML_SCHEDULE:  schedule/ipsec/multi_machine_ipsec_3hosts.yaml
Schedule:  
Failed Modules: 
-----------------------------------
Parsed job: https://openqa.opensuse.org/tests/4894775 | with path: O3 > Job Groups >  > openSUSE Tumbleweed Kernel > Build20250302 > kdump > x86_64
Machine:  64bit
YAML_SCHEDULE:  schedule/kernel/kdump.yaml
Schedule:  
Failed Modules: 
-----------------------------------
Parsed job: https://openqa.opensuse.org/tests/4894939 | with path: O3 > Job Groups >  > openSUSE Tumbleweed Kernel > Build20250302 > kernel-live-patching > x86_64
Machine:  64bit
YAML_SCHEDULE:  
Schedule:  
Failed Modules: 
-----------------------------------
Parsed job: https://openqa.opensuse.org/tests/4894853 | with path: O3 > Job Groups >  > openSUSE Tumbleweed Kernel > Build20250302 > ltp_aio_stress > x86_64
Machine:  64bit
YAML_SCHEDULE:  
Schedule:  
Failed Modules: 
-----------------------------------
Parsed job: https://openqa.opensuse.org/tests/4894941 | with path: O3 > Job Groups >  > openSUSE Tumbleweed Kernel > Build20250302 > ltp_aiodio_part1 > x86_64
Machine:  64bit
YAML_SCHEDULE:  
Schedule:  
Failed Modules: 
-----------------------------------
Parsed job: https://openqa.opensuse.org/tests/4894682 | with path: O3 > Job Groups >  > openSUSE Tumbleweed Kernel > Build20250302 > ltp_aiodio_part2 > x86_64
Machine:  64bit
YAML_SCHEDULE:  
Schedule:  
Failed Modules: 
-----------------------------------
Parsed job: https://openqa.opensuse.org/tests/4894942 | with path: O3 > Job Groups >  > openSUSE Tumbleweed Kernel > Build20250302 > ltp_aiodio_part3 > x86_64
Machine:  64bit
YAML_SCHEDULE:  
Schedule:  
Failed Modules: 
-----------------------------------
Parsed job: https://openqa.opensuse.org/tests/4894914 | with path: O3 > Job Groups >  > openSUSE Tumbleweed Kernel > Build20250302 > ltp_aiodio_part4 > x86_64
Machine:  64bit
YAML_SCHEDULE:  
Schedule:  
Failed Modules: 
-----------------------------------
Parsed job: https://openqa.opensuse.org/tests/4894677 | with path: O3 > Job Groups >  > openSUSE Tumbleweed Kernel > Build20250302 > ltp_can > x86_64
Machine:  64bit
YAML_SCHEDULE:  
Schedule:  
Failed Modules: 
-----------------------------------
Parsed job: https://openqa.opensuse.org/tests/4894795 | with path: O3 > Job Groups >  > openSUSE Tumbleweed Kernel > Build20250302 > ltp_capability > x86_64
Machine:  64bit
YAML_SCHEDULE:  
Schedule:  
Failed Modules: 
-----------------------------------
Parsed job: https://openqa.opensuse.org/tests/4894940 | with path: O3 > Job Groups >  > openSUSE Tumbleweed Kernel > Build20250302 > ltp_commands > x86_64
Machine:  64bit
YAML_SCHEDULE:  
Schedule:  
Failed Modules: 
-----------------------------------
Parsed job: https://openqa.opensuse.org/tests/4894929 | with path: O3 > Job Groups >  > openSUSE Tumbleweed Kernel > Build20250302 > ltp_containers > x86_64
Machine:  64bit
YAML_SCHEDULE:  
Schedule:  
Failed Modules: 
-----------------------------------
Parsed job: https://openqa.opensuse.org/tests/4894938 | with path: O3 > Job Groups >  > openSUSE Tumbleweed Kernel > Build20250302 > ltp_controllers > x86_64
Machine:  64bit
YAML_SCHEDULE:  
Schedule:  
Failed Modules: 
-----------------------------------
Parsed job: https://openqa.opensuse.org/tests/4894683 | with path: O3 > Job Groups >  > openSUSE Tumbleweed Kernel > Build20250302 > ltp_cpuhotplug > x86_64
Machine:  64bit
YAML_SCHEDULE:  
Schedule:  
Failed Modules: 
-----------------------------------
Parsed job: https://openqa.opensuse.org/tests/4894915 | with path: O3 > Job Groups >  > openSUSE Tumbleweed Kernel > Build20250302 > ltp_crashme > x86_64
Machine:  64bit
YAML_SCHEDULE:  
Schedule:  
Failed Modules: 
-----------------------------------
Parsed job: https://openqa.opensuse.org/tests/4894733 | with path: O3 > Job Groups >  > openSUSE Tumbleweed Kernel > Build20250302 > ltp_crypto > x86_64
Machine:  64bit
YAML_SCHEDULE:  
Schedule:  
Failed Modules: 
-----------------------------------
Parsed job: https://openqa.opensuse.org/tests/4894693 | with path: O3 > Job Groups >  > openSUSE Tumbleweed Kernel > Build20250302 > ltp_cve > x86_64
Machine:  64bit
YAML_SCHEDULE:  
Schedule:  
Failed Modules: 
-----------------------------------
Parsed job: https://openqa.opensuse.org/tests/4894793 | with path: O3 > Job Groups >  > openSUSE Tumbleweed Kernel > Build20250302 > ltp_cve_kotd > x86_64
Machine:  64bit
YAML_SCHEDULE:  
Schedule:  
Failed Modules: 
-----------------------------------
Parsed job: https://openqa.opensuse.org/tests/4894769 | with path: O3 > Job Groups >  > openSUSE Tumbleweed Kernel > Build20250302 > ltp_cve_m32 > x86_64
Machine:  64bit
YAML_SCHEDULE:  
Schedule:  
Failed Modules: 
-----------------------------------
Parsed job: https://openqa.opensuse.org/tests/4894943 | with path: O3 > Job Groups >  > openSUSE Tumbleweed Kernel > Build20250302 > ltp_dio > x86_64
Machine:  64bit
YAML_SCHEDULE:  
Schedule:  
Failed Modules: 
-----------------------------------
Parsed job: https://openqa.opensuse.org/tests/4894678 | with path: O3 > Job Groups >  > openSUSE Tumbleweed Kernel > Build20250302 > ltp_dma_thread_diotest > x86_64
Machine:  64bit
YAML_SCHEDULE:  
Schedule:  
Failed Modules: 
-----------------------------------
Parsed job: https://openqa.opensuse.org/tests/4894916 | with path: O3 > Job Groups >  > openSUSE Tumbleweed Kernel > Build20250302 > ltp_fcntl_locktests > x86_64
Machine:  64bit
YAML_SCHEDULE:  
Schedule:  
Failed Modules: 
-----------------------------------
Parsed job: https://openqa.opensuse.org/tests/4894680 | with path: O3 > Job Groups >  > openSUSE Tumbleweed Kernel > Build20250302 > ltp_fs > x86_64
Machine:  64bit
YAML_SCHEDULE:  
Schedule:  
Failed Modules: 
-----------------------------------
Parsed job: https://openqa.opensuse.org/tests/4894948 | with path: O3 > Job Groups >  > openSUSE Tumbleweed Kernel > Build20250302 > ltp_fs_bind > x86_64
Machine:  64bit
YAML_SCHEDULE:  
Schedule:  
Failed Modules: 
-----------------------------------
Parsed job: https://openqa.opensuse.org/tests/4894917 | with path: O3 > Job Groups >  > openSUSE Tumbleweed Kernel > Build20250302 > ltp_fs_perms_simple > x86_64
Machine:  64bit
YAML_SCHEDULE:  
Schedule:  
Failed Modules: 
-----------------------------------
Parsed job: https://openqa.opensuse.org/tests/4894944 | with path: O3 > Job Groups >  > openSUSE Tumbleweed Kernel > Build20250302 > ltp_fs_readonly > x86_64
Machine:  64bit
YAML_SCHEDULE:  
Schedule:  
Failed Modules: 
-----------------------------------
Parsed job: https://openqa.opensuse.org/tests/4894932 | with path: O3 > Job Groups >  > openSUSE Tumbleweed Kernel > Build20250302 > ltp_hugetlb > x86_64
Machine:  64bit
YAML_SCHEDULE:  
Schedule:  
Failed Modules: 
-----------------------------------
Parsed job: https://openqa.opensuse.org/tests/4894918 | with path: O3 > Job Groups >  > openSUSE Tumbleweed Kernel > Build20250302 > ltp_hyperthreading > x86_64
Machine:  64bit
YAML_SCHEDULE:  
Schedule:  
Failed Modules: 
-----------------------------------
Parsed job: https://openqa.opensuse.org/tests/4894945 | with path: O3 > Job Groups >  > openSUSE Tumbleweed Kernel > Build20250302 > ltp_ima > x86_64
Machine:  64bit
YAML_SCHEDULE:  
Schedule:  
Failed Modules: 
-----------------------------------
Parsed job: https://openqa.opensuse.org/tests/4894727 | with path: O3 > Job Groups >  > openSUSE Tumbleweed Kernel > Build20250302 > ltp_ima_load_policy > x86_64
Machine:  64bit
YAML_SCHEDULE:  
Schedule:  
Failed Modules: 
-----------------------------------
Parsed job: https://openqa.opensuse.org/tests/4894934 | with path: O3 > Job Groups >  > openSUSE Tumbleweed Kernel > Build20250302 > ltp_input > x86_64
Machine:  64bit
YAML_SCHEDULE:  
Schedule:  
Failed Modules: 
-----------------------------------
Parsed job: https://openqa.opensuse.org/tests/4894684 | with path: O3 > Job Groups >  > openSUSE Tumbleweed Kernel > Build20250302 > ltp_ipc > x86_64
Machine:  64bit
YAML_SCHEDULE:  
Schedule:  
Failed Modules: 
-----------------------------------
Parsed job: https://openqa.opensuse.org/tests/4894706 | with path: O3 > Job Groups >  > openSUSE Tumbleweed Kernel > Build20250302 > ltp_kernel_misc > x86_64
Machine:  64bit
YAML_SCHEDULE:  
Schedule:  
Failed Modules: 
-----------------------------------
Parsed job: https://openqa.opensuse.org/tests/4894790 | with path: O3 > Job Groups >  > openSUSE Tumbleweed Kernel > Build20250302 > ltp_kernel_misc_warns > x86_64
Machine:  64bit
YAML_SCHEDULE:  
Schedule:  
Failed Modules: 
-----------------------------------
Parsed job: https://openqa.opensuse.org/tests/4894755 | with path: O3 > Job Groups >  > openSUSE Tumbleweed Kernel > Build20250302 > ltp_lvm > x86_64
Machine:  64bit
YAML_SCHEDULE:  
Schedule:  
Failed Modules: 
-----------------------------------
Parsed job: https://openqa.opensuse.org/tests/4894676 | with path: O3 > Job Groups >  > openSUSE Tumbleweed Kernel > Build20250302 > ltp_math > x86_64
Machine:  64bit
YAML_SCHEDULE:  
Schedule:  
Failed Modules: 
-----------------------------------
Parsed job: https://openqa.opensuse.org/tests/4894681 | with path: O3 > Job Groups >  > openSUSE Tumbleweed Kernel > Build20250302 > ltp_mm > x86_64
Machine:  64bit
YAML_SCHEDULE:  
Schedule:  
Failed Modules: 
-----------------------------------
Parsed job: https://openqa.opensuse.org/tests/4894949 | with path: O3 > Job Groups >  > openSUSE Tumbleweed Kernel > Build20250302 > ltp_mm_oom > x86_64
Machine:  64bit
YAML_SCHEDULE:  
Schedule:  
Failed Modules: 
-----------------------------------
Parsed job: https://openqa.opensuse.org/tests/4894685 | with path: O3 > Job Groups >  > openSUSE Tumbleweed Kernel > Build20250302 > ltp_mm_swapping > x86_64
Machine:  64bit
YAML_SCHEDULE:  
Schedule:  
Failed Modules: 
-----------------------------------
Parsed job: https://openqa.opensuse.org/tests/4894953 | with path: O3 > Job Groups >  > openSUSE Tumbleweed Kernel > Build20250302 > ltp_net_features > x86_64
Machine:  64bit
YAML_SCHEDULE:  
Schedule:  
Failed Modules: 
-----------------------------------
Parsed job: https://openqa.opensuse.org/tests/4894936 | with path: O3 > Job Groups >  > openSUSE Tumbleweed Kernel > Build20250302 > ltp_net_ipv6 > x86_64
Machine:  64bit
YAML_SCHEDULE:  
Schedule:  
Failed Modules: 
-----------------------------------
Parsed job: https://openqa.opensuse.org/tests/4894689 | with path: O3 > Job Groups >  > openSUSE Tumbleweed Kernel > Build20250302 > ltp_net_ipv6_lib > x86_64
Machine:  64bit
YAML_SCHEDULE:  
Schedule:  
Failed Modules: 
-----------------------------------
Parsed job: https://openqa.opensuse.org/tests/4894947 | with path: O3 > Job Groups >  > openSUSE Tumbleweed Kernel > Build20250302 > ltp_net_multicast > x86_64
Machine:  64bit
YAML_SCHEDULE:  
Schedule:  
Failed Modules: 
-----------------------------------
Parsed job: https://openqa.opensuse.org/tests/4894686 | with path: O3 > Job Groups >  > openSUSE Tumbleweed Kernel > Build20250302 > ltp_net_rpc_tests > x86_64
Machine:  64bit
YAML_SCHEDULE:  
Schedule:  
Failed Modules: 
-----------------------------------
Parsed job: https://openqa.opensuse.org/tests/4894690 | with path: O3 > Job Groups >  > openSUSE Tumbleweed Kernel > Build20250302 > ltp_net_sctp > x86_64
Machine:  64bit
YAML_SCHEDULE:  
Schedule:  
Failed Modules: 
-----------------------------------
Parsed job: https://openqa.opensuse.org/tests/4894710 | with path: O3 > Job Groups >  > openSUSE Tumbleweed Kernel > Build20250302 > ltp_net_stress_appl > x86_64
Machine:  64bit
YAML_SCHEDULE:  
Schedule:  
Failed Modules: 
-----------------------------------
Parsed job: https://openqa.opensuse.org/tests/4894695 | with path: O3 > Job Groups >  > openSUSE Tumbleweed Kernel > Build20250302 > ltp_net_stress_broken_ip > x86_64
Machine:  64bit
YAML_SCHEDULE:  
Schedule:  
Failed Modules: 
-----------------------------------
Parsed job: https://openqa.opensuse.org/tests/4894952 | with path: O3 > Job Groups >  > openSUSE Tumbleweed Kernel > Build20250302 > ltp_net_stress_interface > x86_64
Machine:  64bit
YAML_SCHEDULE:  
Schedule:  
Failed Modules: 
-----------------------------------
Parsed job: https://openqa.opensuse.org/tests/4894722 | with path: O3 > Job Groups >  > openSUSE Tumbleweed Kernel > Build20250302 > ltp_net_stress_ipsec_dccp > x86_64
Machine:  64bit
YAML_SCHEDULE:  
Schedule:  
Failed Modules: 
-----------------------------------
Parsed job: https://openqa.opensuse.org/tests/4894692 | with path: O3 > Job Groups >  > openSUSE Tumbleweed Kernel > Build20250302 > ltp_net_stress_ipsec_icmp > x86_64
Machine:  64bit
YAML_SCHEDULE:  
Schedule:  
Failed Modules: 
-----------------------------------
Parsed job: https://openqa.opensuse.org/tests/4894711 | with path: O3 > Job Groups >  > openSUSE Tumbleweed Kernel > Build20250302 > ltp_net_stress_ipsec_sctp > x86_64
Machine:  64bit
YAML_SCHEDULE:  
Schedule:  
Failed Modules: 
-----------------------------------
Parsed job: https://openqa.opensuse.org/tests/4894694 | with path: O3 > Job Groups >  > openSUSE Tumbleweed Kernel > Build20250302 > ltp_net_stress_ipsec_tcp > x86_64
Machine:  64bit
YAML_SCHEDULE:  
Schedule:  
Failed Modules: 
-----------------------------------
Parsed job: https://openqa.opensuse.org/tests/4894937 | with path: O3 > Job Groups >  > openSUSE Tumbleweed Kernel > Build20250302 > ltp_net_stress_ipsec_udp > x86_64
Machine:  64bit
YAML_SCHEDULE:  
Schedule:  
Failed Modules: 
-----------------------------------
Parsed job: https://openqa.opensuse.org/tests/4894749 | with path: O3 > Job Groups >  > openSUSE Tumbleweed Kernel > Build20250302 > ltp_net_stress_multicast > x86_64
Machine:  64bit
YAML_SCHEDULE:  
Schedule:  
Failed Modules: 
-----------------------------------
Parsed job: https://openqa.opensuse.org/tests/4894902 | with path: O3 > Job Groups >  > openSUSE Tumbleweed Kernel > Build20250302 > ltp_net_stress_route > x86_64
Machine:  64bit
YAML_SCHEDULE:  
Schedule:  
Failed Modules: 
-----------------------------------
Parsed job: https://openqa.opensuse.org/tests/4894691 | with path: O3 > Job Groups >  > openSUSE Tumbleweed Kernel > Build20250302 > ltp_net_tcp_cmds > x86_64
Machine:  64bit
YAML_SCHEDULE:  
Schedule:  
Failed Modules: 
-----------------------------------
Parsed job: https://openqa.opensuse.org/tests/4894935 | with path: O3 > Job Groups >  > openSUSE Tumbleweed Kernel > Build20250302 > ltp_net_tirpc_tests > x86_64
Machine:  64bit
YAML_SCHEDULE:  
Schedule:  
Failed Modules: 
-----------------------------------
Parsed job: https://openqa.opensuse.org/tests/4894933 | with path: O3 > Job Groups >  > openSUSE Tumbleweed Kernel > Build20250302 > ltp_numa > x86_64
Machine:  64bit
YAML_SCHEDULE:  
Schedule:  
Failed Modules: 
-----------------------------------
Parsed job: https://openqa.opensuse.org/tests/4894925 | with path: O3 > Job Groups >  > openSUSE Tumbleweed Kernel > Build20250302 > ltp_openposix > x86_64
Machine:  64bit
YAML_SCHEDULE:  
Schedule:  
Failed Modules: 
-----------------------------------
Parsed job: https://openqa.opensuse.org/tests/4894951 | with path: O3 > Job Groups >  > openSUSE Tumbleweed Kernel > Build20250302 > ltp_power_management_tests > x86_64
Machine:  64bit
YAML_SCHEDULE:  
Schedule:  
Failed Modules: 
-----------------------------------
Parsed job: https://openqa.opensuse.org/tests/4894688 | with path: O3 > Job Groups >  > openSUSE Tumbleweed Kernel > Build20250302 > ltp_power_management_tests_exclusive > x86_64
Machine:  64bit
YAML_SCHEDULE:  
Schedule:  
Failed Modules: 
-----------------------------------
Parsed job: https://openqa.opensuse.org/tests/4894950 | with path: O3 > Job Groups >  > openSUSE Tumbleweed Kernel > Build20250302 > ltp_pty > x86_64
Machine:  64bit
YAML_SCHEDULE:  
Schedule:  
Failed Modules: 
-----------------------------------
Parsed job: https://openqa.opensuse.org/tests/4894946 | with path: O3 > Job Groups >  > openSUSE Tumbleweed Kernel > Build20250302 > ltp_sched > x86_64
Machine:  64bit
YAML_SCHEDULE:  
Schedule:  
Failed Modules: 
-----------------------------------
Parsed job: https://openqa.opensuse.org/tests/4894679 | with path: O3 > Job Groups >  > openSUSE Tumbleweed Kernel > Build20250302 > ltp_syscalls > x86_64
Machine:  64bit
YAML_SCHEDULE:  
Schedule:  
Failed Modules: 
-----------------------------------
Parsed job: https://openqa.opensuse.org/tests/4894724 | with path: O3 > Job Groups >  > openSUSE Tumbleweed Kernel > Build20250302 > ltp_syscalls_debug_pagealloc > x86_64
Machine:  64bit
YAML_SCHEDULE:  
Schedule:  
Failed Modules: 
-----------------------------------
Parsed job: https://openqa.opensuse.org/tests/4894931 | with path: O3 > Job Groups >  > openSUSE Tumbleweed Kernel > Build20250302 > ltp_syscalls_ipc > x86_64
Machine:  64bit
YAML_SCHEDULE:  
Schedule:  
Failed Modules: 
-----------------------------------
Parsed job: https://openqa.opensuse.org/tests/4894794 | with path: O3 > Job Groups >  > openSUSE Tumbleweed Kernel > Build20250302 > ltp_syscalls_kotd > x86_64
Machine:  64bit
YAML_SCHEDULE:  
Schedule:  
Failed Modules: 
-----------------------------------
Parsed job: https://openqa.opensuse.org/tests/4894754 | with path: O3 > Job Groups >  > openSUSE Tumbleweed Kernel > Build20250302 > ltp_syscalls_m32 > x86_64
Machine:  64bit
YAML_SCHEDULE:  
Schedule:  
Failed Modules: 
-----------------------------------
Parsed job: https://openqa.opensuse.org/tests/4894687 | with path: O3 > Job Groups >  > openSUSE Tumbleweed Kernel > Build20250302 > ltp_tracing > x86_64
Machine:  64bit
YAML_SCHEDULE:  
Schedule:  
Failed Modules: 
-----------------------------------
Parsed job: https://openqa.opensuse.org/tests/4894713 | with path: O3 > Job Groups >  > openSUSE Tumbleweed Kernel > Build20250302 > ltp_uevent > x86_64
Machine:  64bit
YAML_SCHEDULE:  
Schedule:  
Failed Modules: 
-----------------------------------
Parsed job: https://openqa.opensuse.org/tests/4894913 | with path: O3 > Job Groups >  > openSUSE Tumbleweed Kernel > Build20250302 > ltp_watchqueue > x86_64
Machine:  64bit
YAML_SCHEDULE:  
Schedule:  
Failed Modules: 
-----------------------------------
Parsed job: https://openqa.opensuse.org/tests/4894966 | with path: O3 > Job Groups >  > openSUSE Tumbleweed Kernel > Build20250302 > nfs_client > x86_64
Machine:  64bit
YAML_SCHEDULE:  schedule/storage/nfs.yaml
Schedule:  
Failed Modules: 
-----------------------------------
Parsed job: https://openqa.opensuse.org/tests/4894836 | with path: O3 > Job Groups >  > openSUSE Tumbleweed Kernel > Build20250302 > nfs_cthon04-nfs3 > x86_64
Machine:  64bit
YAML_SCHEDULE:  
Schedule:  
Failed Modules: 
-----------------------------------
Parsed job: https://openqa.opensuse.org/tests/4894837 | with path: O3 > Job Groups >  > openSUSE Tumbleweed Kernel > Build20250302 > nfs_cthon04-nfs4 > x86_64
Machine:  64bit
YAML_SCHEDULE:  
Schedule:  
Failed Modules: 
-----------------------------------
Parsed job: https://openqa.opensuse.org/tests/4894631 | with path: O3 > Job Groups >  > openSUSE Tumbleweed Kernel > Build20250302 > nfs_pynfs_nfs40_all > x86_64
Machine:  64bit
YAML_SCHEDULE:  
Schedule:  
Failed Modules: 
-----------------------------------
Parsed job: https://openqa.opensuse.org/tests/4894632 | with path: O3 > Job Groups >  > openSUSE Tumbleweed Kernel > Build20250302 > nfs_pynfs_nfs41_all > x86_64
Machine:  64bit
YAML_SCHEDULE:  
Schedule:  
Failed Modules: 
-----------------------------------
Parsed job: https://openqa.opensuse.org/tests/4894969 | with path: O3 > Job Groups >  > openSUSE Tumbleweed Kernel > Build20250302 > xfstests_btrfs-btrfs-101-200 > x86_64
Machine:  64bit
YAML_SCHEDULE:  
Schedule:  
Failed Modules: 
-----------------------------------
Parsed job: https://openqa.opensuse.org/tests/4894926 | with path: O3 > Job Groups >  > openSUSE Tumbleweed Kernel > Build20250302 > xfstests_btrfs-btrfs-big_size > x86_64
Machine:  64bit
YAML_SCHEDULE:  
Schedule:  
Failed Modules: 
-----------------------------------
Parsed job: https://openqa.opensuse.org/tests/4894971 | with path: O3 > Job Groups >  > openSUSE Tumbleweed Kernel > Build20250302 > xfstests_btrfs-generic-001-100 > x86_64
Machine:  64bit
YAML_SCHEDULE:  
Schedule:  
Failed Modules: 
-----------------------------------
Parsed job: https://openqa.opensuse.org/tests/4894990 | with path: O3 > Job Groups >  > openSUSE Tumbleweed Kernel > Build20250302 > xfstests_nfs3-nfs > x86_64
Machine:  64bit
YAML_SCHEDULE:  
Schedule:  
Failed Modules: 
-----------------------------------
Parsed job: https://openqa.opensuse.org/tests/4894987 | with path: O3 > Job Groups >  > openSUSE Tumbleweed Kernel > Build20250302 > xfstests_nfs4.0-nfs > x86_64
Machine:  64bit
YAML_SCHEDULE:  
Schedule:  
Failed Modules: 
-----------------------------------
Parsed job: https://openqa.opensuse.org/tests/4894989 | with path: O3 > Job Groups >  > openSUSE Tumbleweed Kernel > Build20250302 > xfstests_nfs4.1-nfs > x86_64
Machine:  64bit
YAML_SCHEDULE:  
Schedule:  
Failed Modules: 
-----------------------------------
Parsed job: https://openqa.opensuse.org/tests/4894972 | with path: O3 > Job Groups >  > openSUSE Tumbleweed Kernel > Build20250302 > xfstests_xfs-generic-001-100 > x86_64
Machine:  64bit
YAML_SCHEDULE:  
Schedule:  
Failed Modules: 
-----------------------------------
Parsed job: https://openqa.opensuse.org/tests/4894991 | with path: O3 > Job Groups >  > openSUSE Tumbleweed Kernel > Build20250302 > xfstests_xfs-xfs-001-100 > x86_64
Machine:  64bit
YAML_SCHEDULE:  
Schedule:  
Failed Modules: 
-----------------------------------
Parsed job: https://openqa.opensuse.org/tests/4894973 | with path: O3 > Job Groups >  > openSUSE Tumbleweed Kernel > Build20250302 > xfstests_xfs-xfs-101-200 > x86_64
Machine:  64bit
YAML_SCHEDULE:  
Schedule:  
Failed Modules: 
-----------------------------------
Parsed job: https://openqa.opensuse.org/tests/4894974 | with path: O3 > Job Groups >  > openSUSE Tumbleweed Kernel > Build20250302 > xfstests_xfs-xfs-201-300 > x86_64
Machine:  64bit
YAML_SCHEDULE:  
Schedule:  
Failed Modules: 
-----------------------------------
Parsed job: https://openqa.opensuse.org/tests/4894975 | with path: O3 > Job Groups >  > openSUSE Tumbleweed Kernel > Build20250302 > xfstests_xfs-xfs-301-400 > x86_64
Machine:  64bit
YAML_SCHEDULE:  
Schedule:  
Failed Modules: 
-----------------------------------
Parsed job: https://openqa.opensuse.org/tests/4894977 | with path: O3 > Job Groups >  > openSUSE Tumbleweed Kernel > Build20250302 > xfstests_xfs-xfs-401-500 > x86_64
Machine:  64bit
YAML_SCHEDULE:  
Schedule:  
Failed Modules: 
-----------------------------------
Parsed job: https://openqa.opensuse.org/tests/4894978 | with path: O3 > Job Groups >  > openSUSE Tumbleweed Kernel > Build20250302 > xfstests_xfs-xfs-501-600 > x86_64
Machine:  64bit
YAML_SCHEDULE:  
Schedule:  
Failed Modules: 
-----------------------------------
Parsed job: https://openqa.opensuse.org/tests/4894979 | with path: O3 > Job Groups >  > openSUSE Tumbleweed Kernel > Build20250302 > xfstests_xfs-xfs-601-700 > x86_64
Machine:  64bit
YAML_SCHEDULE:  
Schedule:  
Failed Modules: 
-----------------------------------
Parsed job: https://openqa.opensuse.org/tests/4894980 | with path: O3 > Job Groups >  > openSUSE Tumbleweed Kernel > Build20250302 > xfstests_xfs-xfs-701-999 > x86_64
Machine:  64bit
YAML_SCHEDULE:  
Schedule:  
Failed Modules: 
-----------------------------------
Parsed job: https://openqa.opensuse.org/tests/4895110 | with path: O3 > Job Groups >  > openSUSE Tumbleweed Kernel > Build20250302 > install_ltp+opensuse+LegacyX86-NET > i586
Machine:  32bit
YAML_SCHEDULE:  
Schedule:  
Failed Modules: 
-----------------------------------
Parsed job: https://openqa.opensuse.org/tests/4895117 | with path: O3 > Job Groups >  > openSUSE Tumbleweed Kernel > Build20250302 > ltp_commands > i586
Machine:  32bit
YAML_SCHEDULE:  
Schedule:  
Failed Modules: 
-----------------------------------
Parsed job: https://openqa.opensuse.org/tests/4895111 | with path: O3 > Job Groups >  > openSUSE Tumbleweed Kernel > Build20250302 > ltp_crypto > i586
Machine:  32bit
YAML_SCHEDULE:  
Schedule:  
Failed Modules: 
-----------------------------------
Parsed job: https://openqa.opensuse.org/tests/4895112 | with path: O3 > Job Groups >  > openSUSE Tumbleweed Kernel > Build20250302 > ltp_cve > i586
Machine:  32bit
YAML_SCHEDULE:  
Schedule:  
Failed Modules: 
-----------------------------------
Parsed job: https://openqa.opensuse.org/tests/4895118 | with path: O3 > Job Groups >  > openSUSE Tumbleweed Kernel > Build20250302 > ltp_ipc > i586
Machine:  32bit
YAML_SCHEDULE:  
Schedule:  
Failed Modules: 
-----------------------------------
Parsed job: https://openqa.opensuse.org/tests/4895119 | with path: O3 > Job Groups >  > openSUSE Tumbleweed Kernel > Build20250302 > ltp_math > i586
Machine:  32bit
YAML_SCHEDULE:  
Schedule:  
Failed Modules: 
-----------------------------------
Parsed job: https://openqa.opensuse.org/tests/4895120 | with path: O3 > Job Groups >  > openSUSE Tumbleweed Kernel > Build20250302 > ltp_mm > i586
Machine:  32bit
YAML_SCHEDULE:  
Schedule:  
Failed Modules: 
-----------------------------------
Parsed job: https://openqa.opensuse.org/tests/4895121 | with path: O3 > Job Groups >  > openSUSE Tumbleweed Kernel > Build20250302 > ltp_net_ipv6_lib > i586
Machine:  32bit
YAML_SCHEDULE:  
Schedule:  
Failed Modules: 
-----------------------------------
Parsed job: https://openqa.opensuse.org/tests/4895122 | with path: O3 > Job Groups >  > openSUSE Tumbleweed Kernel > Build20250302 > ltp_net_tcp_cmds > i586
Machine:  32bit
YAML_SCHEDULE:  
Schedule:  
Failed Modules: 
-----------------------------------
Parsed job: https://openqa.opensuse.org/tests/4895123 | with path: O3 > Job Groups >  > openSUSE Tumbleweed Kernel > Build20250302 > ltp_openposix > i586
Machine:  32bit
YAML_SCHEDULE:  
Schedule:  
Failed Modules: 
-----------------------------------
Parsed job: https://openqa.opensuse.org/tests/4895113 | with path: O3 > Job Groups >  > openSUSE Tumbleweed Kernel > Build20250302 > ltp_syscalls > i586
Machine:  32bit
YAML_SCHEDULE:  
Schedule:  
Failed Modules: 
-----------------------------------
ParseBuilds:  O3 > Job Groups > openSUSE Leap > openSUSE Leap 16 Images  url: https://openqa.opensuse.org/group_overview/126
ParseJobs:  O3 > Job Groups > openSUSE Leap > openSUSE Leap 16 Images > Build4.15  url: https://openqa.opensuse.org/tests/overview?distri=opensuse&version=16.0&build=4.15&groupid=126
ParseBuilds:  O3 > Job Groups > openSUSE Leap > openSUSE Leap 16  url: https://openqa.opensuse.org/group_overview/129
ParseJobs:  O3 > Job Groups > openSUSE Leap > openSUSE Leap 16 > Build63.6  url: https://openqa.opensuse.org/tests/overview?distri=opensuse&version=16.0&build=63.6&groupid=129
Parsed job: https://openqa.opensuse.org/tests/4871116 | with path: O3 > Job Groups > openSUSE Leap > openSUSE Leap 16 > Build63.6 > create_hdd_leap_textmode_agama_auto > aarch64
Machine:  USBboot_aarch64
YAML_SCHEDULE:  schedule/functional/leap16/agama_create_hdd_textmode_leap.yaml
Schedule:  
Failed Modules: 
-----------------------------------
Parsed job: https://openqa.opensuse.org/tests/4871122 | with path: O3 > Job Groups > openSUSE Leap > openSUSE Leap 16 > Build63.6 > create_hdd_leap_textmode_agama_auto@64bit > x86_64
Machine:  64bit
YAML_SCHEDULE:  schedule/functional/leap16/agama_create_hdd_textmode_leap.yaml
Schedule:  
Failed Modules: 
-----------------------------------
Parsed job: https://openqa.opensuse.org/tests/4871094 | with path: O3 > Job Groups > openSUSE Leap > openSUSE Leap 16 > Build63.6 > gnome-agama > aarch64
Machine:  USBboot_aarch64
YAML_SCHEDULE:  schedule/install/agama_install.yaml
Schedule:  
Failed Modules: 
-----------------------------------
Parsed job: https://openqa.opensuse.org/tests/4871132 | with path: O3 > Job Groups > openSUSE Leap > openSUSE Leap 16 > Build63.6 > gnome-agama > s390x
Machine:  s390x-zVM-vswitch-l2
YAML_SCHEDULE:  schedule/install/agama_install.yaml
Schedule:  
Failed Modules: 
-----------------------------------
Parsed job: https://openqa.opensuse.org/tests/4871124 | with path: O3 > Job Groups > openSUSE Leap > openSUSE Leap 16 > Build63.6 > gnome-agama@64bit-3G > x86_64
Machine:  64bit-3G
YAML_SCHEDULE:  schedule/install/agama_install.yaml
Schedule:  
Failed Modules: 
-----------------------------------
Parsed job: https://openqa.opensuse.org/tests/4871125 | with path: O3 > Job Groups > openSUSE Leap > openSUSE Leap 16 > Build63.6 > gnome-agama@uefi-3G > x86_64
Machine:  uefi-3G
YAML_SCHEDULE:  schedule/install/agama_install.yaml
Schedule:  
Failed Modules: 
-----------------------------------
Parsed job: https://openqa.opensuse.org/tests/4871126 | with path: O3 > Job Groups > openSUSE Leap > openSUSE Leap 16 > Build63.6 > gnome-agama@uefi-usb-4G > x86_64
Machine:  uefi-usb-4G
YAML_SCHEDULE:  schedule/install/agama_install.yaml
Schedule:  
Failed Modules: 
-----------------------------------
Parsed job: https://openqa.opensuse.org/tests/4871097 | with path: O3 > Job Groups > openSUSE Leap > openSUSE Leap 16 > Build63.6 > kde-agama > aarch64
Machine:  USBboot_aarch64
YAML_SCHEDULE:  schedule/install/agama_install.yaml
Schedule:  
Failed Modules: 
-----------------------------------
Parsed job: https://openqa.opensuse.org/tests/4871559 | with path: O3 > Job Groups > openSUSE Leap > openSUSE Leap 16 > Build63.6 > kde-agama > ppc64le
Machine:  ppc64le
YAML_SCHEDULE:  schedule/install/agama_install.yaml
Schedule:  
Failed Modules: 
-----------------------------------
Parsed job: https://openqa.opensuse.org/tests/4871133 | with path: O3 > Job Groups > openSUSE Leap > openSUSE Leap 16 > Build63.6 > kde-agama > s390x
Machine:  s390x-zVM-vswitch-l2
YAML_SCHEDULE:  schedule/install/agama_install.yaml
Schedule:  
Failed Modules: 
-----------------------------------
Parsed job: https://openqa.opensuse.org/tests/4871127 | with path: O3 > Job Groups > openSUSE Leap > openSUSE Leap 16 > Build63.6 > kde-agama@64bit-3G > x86_64
Machine:  64bit-3G
YAML_SCHEDULE:  schedule/install/agama_install.yaml
Schedule:  
Failed Modules: 
-----------------------------------
Parsed job: https://openqa.opensuse.org/tests/4871128 | with path: O3 > Job Groups > openSUSE Leap > openSUSE Leap 16 > Build63.6 > kde-agama@uefi-3G > x86_64
Machine:  uefi-3G
YAML_SCHEDULE:  schedule/install/agama_install.yaml
Schedule:  
Failed Modules: 
-----------------------------------
Parsed job: https://openqa.opensuse.org/tests/4871129 | with path: O3 > Job Groups > openSUSE Leap > openSUSE Leap 16 > Build63.6 > kde-agama@uefi-usb-4G > x86_64
Machine:  uefi-usb-4G
YAML_SCHEDULE:  schedule/install/agama_install.yaml
Schedule:  
Failed Modules: 
-----------------------------------
Parsed job: https://openqa.opensuse.org/tests/4871096 | with path: O3 > Job Groups > openSUSE Leap > openSUSE Leap 16 > Build63.6 > zdup-Leap-15.6-gnome > x86_64
Machine:  64bit-2G
YAML_SCHEDULE:  
Schedule:  
Failed Modules: 
-----------------------------------
Parsed job: https://openqa.opensuse.org/tests/4871102 | with path: O3 > Job Groups > openSUSE Leap > openSUSE Leap 16 > Build63.6 > zdup-Leap-15.6-kde > x86_64
Machine:  64bit-2G
YAML_SCHEDULE:  
Schedule:  
Failed Modules: 
-----------------------------------
ParseBuilds:  O3 > Job Groups > openSUSE Leap 15.6 Maintenance > openSUSE Leap 15.6 Backports  url: https://openqa.opensuse.org/group_overview/123
ParseJobs:  O3 > Job Groups > openSUSE Leap 15.6 Maintenance > openSUSE Leap 15.6 Backports > Build20250302-2  url: https://openqa.opensuse.org/tests/overview?distri=opensuse&version=15.6&build=20250302-2&groupid=123
ParseBuilds:  O3 > Job Groups > openSUSE Leap 15.6 Maintenance > openSUSE Leap 15.6 Incidents  url: https://openqa.opensuse.org/group_overview/121
ParseJobs:  O3 > Job Groups > openSUSE Leap 15.6 Maintenance > openSUSE Leap 15.6 Incidents > Build:18778:exo.1740225561  url: https://openqa.opensuse.org/tests/overview?distri=opensuse&version=15.6&build=%3A18778%3Aexo.1740225561&groupid=121
Parsed job: https://openqa.opensuse.org/tests/4875339 | with path: O3 > Job Groups > openSUSE Leap 15.6 Maintenance > openSUSE Leap 15.6 Incidents > Build:18778:exo.1740225561 > cryptlvm@uefi-2G > x86_64
Machine:  uefi-2G
YAML_SCHEDULE:  schedule/functional/leap15_incidents/incident_update.yaml
Schedule:  
Failed Modules: 
-----------------------------------
Parsed job: https://openqa.opensuse.org/tests/4875337 | with path: O3 > Job Groups > openSUSE Leap 15.6 Maintenance > openSUSE Leap 15.6 Incidents > Build:18778:exo.1740225561 > gnome > x86_64
Machine:  64bit-2G
YAML_SCHEDULE:  schedule/functional/leap15_incidents/incident_update.yaml
Schedule:  
Failed Modules: 
-----------------------------------
Parsed job: https://openqa.opensuse.org/tests/4875338 | with path: O3 > Job Groups > openSUSE Leap 15.6 Maintenance > openSUSE Leap 15.6 Incidents > Build:18778:exo.1740225561 > kde > x86_64
Machine:  64bit-2G
YAML_SCHEDULE:  schedule/functional/leap15_incidents/incident_update.yaml
Schedule:  
Failed Modules: 
-----------------------------------
ParseBuilds:  O3 > Job Groups > openSUSE Leap 15.6 Maintenance > openSUSE Leap 15.6 Updates  url: https://openqa.opensuse.org/group_overview/122
ParseJobs:  O3 > Job Groups > openSUSE Leap 15.6 Maintenance > openSUSE Leap 15.6 Updates > Build20250302-2  url: https://openqa.opensuse.org/tests/overview?distri=opensuse&version=15.6&build=20250302-2&groupid=122
ParseBuilds:  O3 > Job Groups > openSUSE Leap 15.6 Maintenance > openSUSE Leap 15.6 Images  url: https://openqa.opensuse.org/group_overview/117
ParseJobs:  O3 > Job Groups > openSUSE Leap 15.6 Maintenance > openSUSE Leap 15.6 Images > Build15.18  url: https://openqa.opensuse.org/tests/overview?distri=opensuse&version=15.6&build=15.18&groupid=117
Parsed job: https://openqa.opensuse.org/tests/4880459 | with path: O3 > Job Groups > openSUSE Leap 15.6 Maintenance > openSUSE Leap 15.6 Images > Build15.18 > container_image_on_centos_host@64bit-2G > x86_64
Machine:  64bit-2G
YAML_SCHEDULE:  
Schedule:  
Failed Modules: 
-----------------------------------
Parsed job: https://openqa.opensuse.org/tests/4880458 | with path: O3 > Job Groups > openSUSE Leap 15.6 Maintenance > openSUSE Leap 15.6 Images > Build15.18 > container_image_on_leap15.3_host > aarch64
Machine:  USBboot_aarch64
YAML_SCHEDULE:  
Schedule:  
Failed Modules: 
-----------------------------------
Parsed job: https://openqa.opensuse.org/tests/4880462 | with path: O3 > Job Groups > openSUSE Leap 15.6 Maintenance > openSUSE Leap 15.6 Images > Build15.18 > container_image_on_leap15.3_host > ppc64le
Machine:  ppc64le
YAML_SCHEDULE:  
Schedule:  
Failed Modules: 
-----------------------------------
Parsed job: https://openqa.opensuse.org/tests/4880460 | with path: O3 > Job Groups > openSUSE Leap 15.6 Maintenance > openSUSE Leap 15.6 Images > Build15.18 > container_image_on_leap15.3_host@64bit-2G > x86_64
Machine:  64bit-2G
YAML_SCHEDULE:  
Schedule:  
Failed Modules: 
-----------------------------------
Parsed job: https://openqa.opensuse.org/tests/4880461 | with path: O3 > Job Groups > openSUSE Leap 15.6 Maintenance > openSUSE Leap 15.6 Images > Build15.18 > container_image_on_ubuntu_host@64bit-2G > x86_64
Machine:  64bit-2G
YAML_SCHEDULE:  
Schedule:  
Failed Modules: 
-----------------------------------
Parsed job: https://openqa.opensuse.org/tests/4880426 | with path: O3 > Job Groups > openSUSE Leap 15.6 Maintenance > openSUSE Leap 15.6 Images > Build15.18 > gnome-live > aarch64
Machine:  USBboot_aarch64
YAML_SCHEDULE:  
Schedule:  
Failed Modules: 
-----------------------------------
Parsed job: https://openqa.opensuse.org/tests/4880428 | with path: O3 > Job Groups > openSUSE Leap 15.6 Maintenance > openSUSE Leap 15.6 Images > Build15.18 > gnome-live@64bit-3G > x86_64
Machine:  64bit-3G
YAML_SCHEDULE:  
Schedule:  
Failed Modules: 
-----------------------------------
Parsed job: https://openqa.opensuse.org/tests/4880429 | with path: O3 > Job Groups > openSUSE Leap 15.6 Maintenance > openSUSE Leap 15.6 Images > Build15.18 > gnome-live@USBboot_64-3G > x86_64
Machine:  USBboot_64-3G
YAML_SCHEDULE:  
Schedule:  
Failed Modules: 
-----------------------------------
Parsed job: https://openqa.opensuse.org/tests/4880430 | with path: O3 > Job Groups > openSUSE Leap 15.6 Maintenance > openSUSE Leap 15.6 Images > Build15.18 > gnome-live@uefi-3G > x86_64
Machine:  uefi-3G
YAML_SCHEDULE:  
Schedule:  
Failed Modules: 
-----------------------------------
Parsed job: https://openqa.opensuse.org/tests/4880431 | with path: O3 > Job Groups > openSUSE Leap 15.6 Maintenance > openSUSE Leap 15.6 Images > Build15.18 > gnome-live@uefi-usb-4G > x86_64
Machine:  uefi-usb-4G
YAML_SCHEDULE:  
Schedule:  
Failed Modules: 
-----------------------------------
Parsed job: https://openqa.opensuse.org/tests/4880427 | with path: O3 > Job Groups > openSUSE Leap 15.6 Maintenance > openSUSE Leap 15.6 Images > Build15.18 > mediacheck > aarch64
Machine:  USBboot_aarch64
YAML_SCHEDULE:  schedule/yast/opensuse/mediacheck.yaml
Schedule:  
Failed Modules: 
-----------------------------------
Parsed job: https://openqa.opensuse.org/tests/4880432 | with path: O3 > Job Groups > openSUSE Leap 15.6 Maintenance > openSUSE Leap 15.6 Images > Build15.18 > mediacheck@64bit > x86_64
Machine:  64bit
YAML_SCHEDULE:  schedule/yast/opensuse/mediacheck.yaml
Schedule:  
Failed Modules: 
-----------------------------------
Parsed job: https://openqa.opensuse.org/tests/4880411 | with path: O3 > Job Groups > openSUSE Leap 15.6 Maintenance > openSUSE Leap 15.6 Images > Build15.18 > jeos > aarch64
Machine:  USBboot_aarch64
YAML_SCHEDULE:  
Schedule:  
Failed Modules: 
-----------------------------------
Parsed job: https://openqa.opensuse.org/tests/4880421 | with path: O3 > Job Groups > openSUSE Leap 15.6 Maintenance > openSUSE Leap 15.6 Images > Build15.18 > jeos-container_host > aarch64
Machine:  USBboot_aarch64
YAML_SCHEDULE:  
Schedule:  
Failed Modules: 
-----------------------------------
Parsed job: https://openqa.opensuse.org/tests/4880422 | with path: O3 > Job Groups > openSUSE Leap 15.6 Maintenance > openSUSE Leap 15.6 Images > Build15.18 > jeos-container_image > aarch64
Machine:  USBboot_aarch64
YAML_SCHEDULE:  
Schedule:  
Failed Modules: 
-----------------------------------
Parsed job: https://openqa.opensuse.org/tests/4880413 | with path: O3 > Job Groups > openSUSE Leap 15.6 Maintenance > openSUSE Leap 15.6 Images > Build15.18 > jeos-extra > aarch64
Machine:  USBboot_aarch64
YAML_SCHEDULE:  
Schedule:  
Failed Modules: 
-----------------------------------
Parsed job: https://openqa.opensuse.org/tests/4880414 | with path: O3 > Job Groups > openSUSE Leap 15.6 Maintenance > openSUSE Leap 15.6 Images > Build15.18 > jeos-filesystem > aarch64
Machine:  USBboot_aarch64
YAML_SCHEDULE:  
Schedule:  
Failed Modules: 
-----------------------------------
Parsed job: https://openqa.opensuse.org/tests/4880423 | with path: O3 > Job Groups > openSUSE Leap 15.6 Maintenance > openSUSE Leap 15.6 Images > Build15.18 > jeos-fips-container_host > aarch64
Machine:  USBboot_aarch64
YAML_SCHEDULE:  
Schedule:  
Failed Modules: 
-----------------------------------
Parsed job: https://openqa.opensuse.org/tests/4880415 | with path: O3 > Job Groups > openSUSE Leap 15.6 Maintenance > openSUSE Leap 15.6 Images > Build15.18 > jeos-ltp-commands > aarch64
Machine:  USBboot_aarch64
YAML_SCHEDULE:  
Schedule:  
Failed Modules: 
-----------------------------------
Parsed job: https://openqa.opensuse.org/tests/4880416 | with path: O3 > Job Groups > openSUSE Leap 15.6 Maintenance > openSUSE Leap 15.6 Images > Build15.18 > jeos-ltp-containers > aarch64
Machine:  USBboot_aarch64
YAML_SCHEDULE:  
Schedule:  
Failed Modules: 
-----------------------------------
Parsed job: https://openqa.opensuse.org/tests/4880417 | with path: O3 > Job Groups > openSUSE Leap 15.6 Maintenance > openSUSE Leap 15.6 Images > Build15.18 > jeos-ltp-cve > aarch64
Machine:  USBboot_aarch64
YAML_SCHEDULE:  
Schedule:  
Failed Modules: 
-----------------------------------
Parsed job: https://openqa.opensuse.org/tests/4880418 | with path: O3 > Job Groups > openSUSE Leap 15.6 Maintenance > openSUSE Leap 15.6 Images > Build15.18 > jeos-ltp-dio > aarch64
Machine:  USBboot_aarch64
YAML_SCHEDULE:  
Schedule:  
Failed Modules: 
-----------------------------------
Parsed job: https://openqa.opensuse.org/tests/4880419 | with path: O3 > Job Groups > openSUSE Leap 15.6 Maintenance > openSUSE Leap 15.6 Images > Build15.18 > jeos-ltp-syscalls > aarch64
Machine:  USBboot_aarch64
YAML_SCHEDULE:  
Schedule:  
Failed Modules: 
-----------------------------------
Parsed job: https://openqa.opensuse.org/tests/4880420 | with path: O3 > Job Groups > openSUSE Leap 15.6 Maintenance > openSUSE Leap 15.6 Images > Build15.18 > jeos-ltp-syscalls-ipc > aarch64
Machine:  USBboot_aarch64
YAML_SCHEDULE:  
Schedule:  
Failed Modules: 
-----------------------------------
Parsed job: https://openqa.opensuse.org/tests/4880424 | with path: O3 > Job Groups > openSUSE Leap 15.6 Maintenance > openSUSE Leap 15.6 Images > Build15.18 > jeos@RPi3 > aarch64
Machine:  RPi3
YAML_SCHEDULE:  
Schedule:  
Failed Modules: 
-----------------------------------
Parsed job: https://openqa.opensuse.org/tests/4880425 | with path: O3 > Job Groups > openSUSE Leap 15.6 Maintenance > openSUSE Leap 15.6 Images > Build15.18 > jeos@RPi4 > aarch64
Machine:  RPi4
YAML_SCHEDULE:  
Schedule:  
Failed Modules: 
-----------------------------------
Parsed job: https://openqa.opensuse.org/tests/4880399 | with path: O3 > Job Groups > openSUSE Leap 15.6 Maintenance > openSUSE Leap 15.6 Images > Build15.18 > jeos@64bit_virtio-2G > x86_64
Machine:  64bit_virtio-2G
YAML_SCHEDULE:  
Schedule:  
Failed Modules: 
-----------------------------------
Parsed job: https://openqa.opensuse.org/tests/4880412 | with path: O3 > Job Groups > openSUSE Leap 15.6 Maintenance > openSUSE Leap 15.6 Images > Build15.18 > jeos@uefi_virtio-2G > x86_64
Machine:  uefi_virtio-2G
YAML_SCHEDULE:  
Schedule:  
Failed Modules: 
-----------------------------------
Parsed job: https://openqa.opensuse.org/tests/4880400 | with path: O3 > Job Groups > openSUSE Leap 15.6 Maintenance > openSUSE Leap 15.6 Images > Build15.18 > jeos-container_host@64bit_virtio-2G > x86_64
Machine:  64bit_virtio-2G
YAML_SCHEDULE:  
Schedule:  
Failed Modules: 
-----------------------------------
Parsed job: https://openqa.opensuse.org/tests/4880401 | with path: O3 > Job Groups > openSUSE Leap 15.6 Maintenance > openSUSE Leap 15.6 Images > Build15.18 > jeos-container_image@64bit_virtio-2G > x86_64
Machine:  64bit_virtio-2G
YAML_SCHEDULE:  
Schedule:  
Failed Modules: 
-----------------------------------
Parsed job: https://openqa.opensuse.org/tests/4880402 | with path: O3 > Job Groups > openSUSE Leap 15.6 Maintenance > openSUSE Leap 15.6 Images > Build15.18 > jeos-extra@64bit_virtio-2G > x86_64
Machine:  64bit_virtio-2G
YAML_SCHEDULE:  
Schedule:  
Failed Modules: 
-----------------------------------
Parsed job: https://openqa.opensuse.org/tests/4880403 | with path: O3 > Job Groups > openSUSE Leap 15.6 Maintenance > openSUSE Leap 15.6 Images > Build15.18 > jeos-filesystem@64bit_virtio-2G > x86_64
Machine:  64bit_virtio-2G
YAML_SCHEDULE:  
Schedule:  
Failed Modules: 
-----------------------------------
Parsed job: https://openqa.opensuse.org/tests/4880397 | with path: O3 > Job Groups > openSUSE Leap 15.6 Maintenance > openSUSE Leap 15.6 Images > Build15.18 > jeos-fips-container_host@64bit_virtio-2G > x86_64
Machine:  64bit_virtio-2G
YAML_SCHEDULE:  
Schedule:  
Failed Modules: 
-----------------------------------
Parsed job: https://openqa.opensuse.org/tests/4880404 | with path: O3 > Job Groups > openSUSE Leap 15.6 Maintenance > openSUSE Leap 15.6 Images > Build15.18 > jeos-ltp-commands > x86_64
Machine:  64bit_virtio
YAML_SCHEDULE:  
Schedule:  
Failed Modules: 
-----------------------------------
Parsed job: https://openqa.opensuse.org/tests/4880405 | with path: O3 > Job Groups > openSUSE Leap 15.6 Maintenance > openSUSE Leap 15.6 Images > Build15.18 > jeos-ltp-containers > x86_64
Machine:  64bit_virtio
YAML_SCHEDULE:  
Schedule:  
Failed Modules: 
-----------------------------------
Parsed job: https://openqa.opensuse.org/tests/4880406 | with path: O3 > Job Groups > openSUSE Leap 15.6 Maintenance > openSUSE Leap 15.6 Images > Build15.18 > jeos-ltp-cve > x86_64
Machine:  64bit_virtio
YAML_SCHEDULE:  
Schedule:  
Failed Modules: 
-----------------------------------
Parsed job: https://openqa.opensuse.org/tests/4880407 | with path: O3 > Job Groups > openSUSE Leap 15.6 Maintenance > openSUSE Leap 15.6 Images > Build15.18 > jeos-ltp-dio > x86_64
Machine:  64bit_virtio
YAML_SCHEDULE:  
Schedule:  
Failed Modules: 
-----------------------------------
Parsed job: https://openqa.opensuse.org/tests/4880408 | with path: O3 > Job Groups > openSUSE Leap 15.6 Maintenance > openSUSE Leap 15.6 Images > Build15.18 > jeos-ltp-ima > x86_64
Machine:  64bit_virtio
YAML_SCHEDULE:  
Schedule:  
Failed Modules: 
-----------------------------------
Parsed job: https://openqa.opensuse.org/tests/4880409 | with path: O3 > Job Groups > openSUSE Leap 15.6 Maintenance > openSUSE Leap 15.6 Images > Build15.18 > jeos-ltp-syscalls > x86_64
Machine:  64bit_virtio
YAML_SCHEDULE:  
Schedule:  
Failed Modules: 
-----------------------------------
Parsed job: https://openqa.opensuse.org/tests/4880410 | with path: O3 > Job Groups > openSUSE Leap 15.6 Maintenance > openSUSE Leap 15.6 Images > Build15.18 > jeos-ltp-syscalls-ipc > x86_64
Machine:  64bit_virtio
YAML_SCHEDULE:  
Schedule:  
Failed Modules: 
-----------------------------------
Parsed job: https://openqa.opensuse.org/tests/4880398 | with path: O3 > Job Groups > openSUSE Leap 15.6 Maintenance > openSUSE Leap 15.6 Images > Build15.18 > jeos-nosb@uefi_virtio-2G > x86_64
Machine:  uefi_virtio-2G
YAML_SCHEDULE:  
Schedule:  
Failed Modules: 
-----------------------------------
Parsed job: https://openqa.opensuse.org/tests/4880433 | with path: O3 > Job Groups > openSUSE Leap 15.6 Maintenance > openSUSE Leap 15.6 Images > Build15.18 > kde-live > aarch64
Machine:  USBboot_aarch64
YAML_SCHEDULE:  
Schedule:  
Failed Modules: 
-----------------------------------
Parsed job: https://openqa.opensuse.org/tests/4880442 | with path: O3 > Job Groups > openSUSE Leap 15.6 Maintenance > openSUSE Leap 15.6 Images > Build15.18 > kde-live@64bit-3G > x86_64
Machine:  64bit-3G
YAML_SCHEDULE:  
Schedule:  
Failed Modules: 
-----------------------------------
Parsed job: https://openqa.opensuse.org/tests/4880444 | with path: O3 > Job Groups > openSUSE Leap 15.6 Maintenance > openSUSE Leap 15.6 Images > Build15.18 > kde-live@USBboot_64-3G > x86_64
Machine:  USBboot_64-3G
YAML_SCHEDULE:  
Schedule:  
Failed Modules: 
-----------------------------------
Parsed job: https://openqa.opensuse.org/tests/4880445 | with path: O3 > Job Groups > openSUSE Leap 15.6 Maintenance > openSUSE Leap 15.6 Images > Build15.18 > kde-live@uefi-3G > x86_64
Machine:  uefi-3G
YAML_SCHEDULE:  
Schedule:  
Failed Modules: 
-----------------------------------
Parsed job: https://openqa.opensuse.org/tests/4880521 | with path: O3 > Job Groups > openSUSE Leap 15.6 Maintenance > openSUSE Leap 15.6 Images > Build15.18 > kde-live@uefi-usb-4G > x86_64
Machine:  uefi-usb-4G
YAML_SCHEDULE:  
Schedule:  
Failed Modules: 
-----------------------------------
Parsed job: https://openqa.opensuse.org/tests/4880443 | with path: O3 > Job Groups > openSUSE Leap 15.6 Maintenance > openSUSE Leap 15.6 Images > Build15.18 > kde-live-wayland@64bit_virtio-3G > x86_64
Machine:  64bit_virtio-3G
YAML_SCHEDULE:  
Schedule:  
Failed Modules: 
-----------------------------------
Parsed job: https://openqa.opensuse.org/tests/4880434 | with path: O3 > Job Groups > openSUSE Leap 15.6 Maintenance > openSUSE Leap 15.6 Images > Build15.18 > kde-live_installation > aarch64
Machine:  USBboot_aarch64
YAML_SCHEDULE:  
Schedule:  
Failed Modules: 
-----------------------------------
Parsed job: https://openqa.opensuse.org/tests/4880438 | with path: O3 > Job Groups > openSUSE Leap 15.6 Maintenance > openSUSE Leap 15.6 Images > Build15.18 > kde-live_installation@64bit-3G > x86_64
Machine:  64bit-3G
YAML_SCHEDULE:  
Schedule:  
Failed Modules: 
-----------------------------------
Parsed job: https://openqa.opensuse.org/tests/4880439 | with path: O3 > Job Groups > openSUSE Leap 15.6 Maintenance > openSUSE Leap 15.6 Images > Build15.18 > kde_live_upgrade_leap_15.0@64bit > x86_64
Machine:  64bit
YAML_SCHEDULE:  
Schedule:  
Failed Modules: 
-----------------------------------
Parsed job: https://openqa.opensuse.org/tests/4880436 | with path: O3 > Job Groups > openSUSE Leap 15.6 Maintenance > openSUSE Leap 15.6 Images > Build15.18 > kde_live_upgrade_leap_15.0@aarch64 > aarch64
Machine:  aarch64
YAML_SCHEDULE:  
Schedule:  
Failed Modules: 
-----------------------------------
Parsed job: https://openqa.opensuse.org/tests/4880441 | with path: O3 > Job Groups > openSUSE Leap 15.6 Maintenance > openSUSE Leap 15.6 Images > Build15.18 > kde_live_upgrade_leap_15.2@uefi > x86_64
Machine:  uefi
YAML_SCHEDULE:  
Schedule:  
Failed Modules: 
-----------------------------------
Parsed job: https://openqa.opensuse.org/tests/4880440 | with path: O3 > Job Groups > openSUSE Leap 15.6 Maintenance > openSUSE Leap 15.6 Images > Build15.18 > kde_live_upgrade_leap_15.3@64bit > x86_64
Machine:  64bit
YAML_SCHEDULE:  
Schedule:  
Failed Modules: 
-----------------------------------
Parsed job: https://openqa.opensuse.org/tests/4880437 | with path: O3 > Job Groups > openSUSE Leap 15.6 Maintenance > openSUSE Leap 15.6 Images > Build15.18 > kde_live_upgrade_leap_15.3@aarch64 > aarch64
Machine:  aarch64
YAML_SCHEDULE:  
Schedule:  
Failed Modules: 
-----------------------------------
Parsed job: https://openqa.opensuse.org/tests/4880435 | with path: O3 > Job Groups > openSUSE Leap 15.6 Maintenance > openSUSE Leap 15.6 Images > Build15.18 > mediacheck > aarch64
Machine:  USBboot_aarch64
YAML_SCHEDULE:  schedule/yast/opensuse/mediacheck.yaml
Schedule:  
Failed Modules: 
-----------------------------------
Parsed job: https://openqa.opensuse.org/tests/4880447 | with path: O3 > Job Groups > openSUSE Leap 15.6 Maintenance > openSUSE Leap 15.6 Images > Build15.18 > mediacheck@64bit > x86_64
Machine:  64bit
YAML_SCHEDULE:  schedule/yast/opensuse/mediacheck.yaml
Schedule:  
Failed Modules: 
-----------------------------------
Parsed job: https://openqa.opensuse.org/tests/4880448 | with path: O3 > Job Groups > openSUSE Leap 15.6 Maintenance > openSUSE Leap 15.6 Images > Build15.18 > mediacheck > aarch64
Machine:  USBboot_aarch64
YAML_SCHEDULE:  schedule/yast/opensuse/mediacheck.yaml
Schedule:  
Failed Modules: 
-----------------------------------
Parsed job: https://openqa.opensuse.org/tests/4880451 | with path: O3 > Job Groups > openSUSE Leap 15.6 Maintenance > openSUSE Leap 15.6 Images > Build15.18 > mediacheck@64bit > x86_64
Machine:  64bit
YAML_SCHEDULE:  schedule/yast/opensuse/mediacheck.yaml
Schedule:  
Failed Modules: 
-----------------------------------
Parsed job: https://openqa.opensuse.org/tests/4880449 | with path: O3 > Job Groups > openSUSE Leap 15.6 Maintenance > openSUSE Leap 15.6 Images > Build15.18 > rescue > aarch64
Machine:  USBboot_aarch64
YAML_SCHEDULE:  
Schedule:  
Failed Modules: 
-----------------------------------
Parsed job: https://openqa.opensuse.org/tests/4880450 | with path: O3 > Job Groups > openSUSE Leap 15.6 Maintenance > openSUSE Leap 15.6 Images > Build15.18 > rescue@64bit-2G > x86_64
Machine:  64bit-2G
YAML_SCHEDULE:  
Schedule:  
Failed Modules: 
-----------------------------------
Parsed job: https://openqa.opensuse.org/tests/4880452 | with path: O3 > Job Groups > openSUSE Leap 15.6 Maintenance > openSUSE Leap 15.6 Images > Build15.18 > rescue@uefi-usb-2G > x86_64
Machine:  uefi-usb-2G
YAML_SCHEDULE:  
Schedule:  
Failed Modules: 
-----------------------------------
Parsed job: https://openqa.opensuse.org/tests/4880453 | with path: O3 > Job Groups > openSUSE Leap 15.6 Maintenance > openSUSE Leap 15.6 Images > Build15.18 > mediacheck > aarch64
Machine:  USBboot_aarch64
YAML_SCHEDULE:  schedule/yast/opensuse/mediacheck.yaml
Schedule:  
Failed Modules: 
-----------------------------------
Parsed job: https://openqa.opensuse.org/tests/4880457 | with path: O3 > Job Groups > openSUSE Leap 15.6 Maintenance > openSUSE Leap 15.6 Images > Build15.18 > mediacheck@64bit-2G > x86_64
Machine:  64bit-2G
YAML_SCHEDULE:  schedule/yast/opensuse/mediacheck.yaml
Schedule:  
Failed Modules: 
-----------------------------------
Parsed job: https://openqa.opensuse.org/tests/4880454 | with path: O3 > Job Groups > openSUSE Leap 15.6 Maintenance > openSUSE Leap 15.6 Images > Build15.18 > xfce-live > aarch64
Machine:  USBboot_aarch64
YAML_SCHEDULE:  
Schedule:  
Failed Modules: 
-----------------------------------
Parsed job: https://openqa.opensuse.org/tests/4880455 | with path: O3 > Job Groups > openSUSE Leap 15.6 Maintenance > openSUSE Leap 15.6 Images > Build15.18 > xfce-live@64bit-3G > x86_64
Machine:  64bit-3G
YAML_SCHEDULE:  
Schedule:  
Failed Modules: 
-----------------------------------
ParseBuilds:  O3 > Job Groups > openSUSE Leap 15.6 Maintenance > openSUSE Leap 15.6 WSL  url: https://openqa.opensuse.org/group_overview/82
ParseJobs:  O3 > Job Groups > openSUSE Leap 15.6 Maintenance > openSUSE Leap 15.6 WSL > Build1.890  url: https://openqa.opensuse.org/tests/overview?distri=opensuse&version=15.6&build=1.890&groupid=82
Parsed job: https://openqa.opensuse.org/tests/4890283 | with path: O3 > Job Groups > openSUSE Leap 15.6 Maintenance > openSUSE Leap 15.6 WSL > Build1.890 > wsl-main > x86_64
Machine:  win10_64bit
YAML_SCHEDULE:  schedule/wsl/wsl_main.yaml
Schedule:  
Failed Modules: 
-----------------------------------
Parsed job: https://openqa.opensuse.org/tests/4890285 | with path: O3 > Job Groups > openSUSE Leap 15.6 Maintenance > openSUSE Leap 15.6 WSL > Build1.890 > wsl-main@win10_uefi > x86_64
Machine:  win10_uefi
YAML_SCHEDULE:  schedule/wsl/wsl_main.yaml
Schedule:  
Failed Modules: 
-----------------------------------
Parsed job: https://openqa.opensuse.org/tests/4890286 | with path: O3 > Job Groups > openSUSE Leap 15.6 Maintenance > openSUSE Leap 15.6 WSL > Build1.890 > wsl-main@win11_uefi > x86_64
Machine:  win11_uefi
YAML_SCHEDULE:  schedule/wsl/wsl_main.yaml
Schedule:  
Failed Modules: 
-----------------------------------
Parsed job: https://openqa.opensuse.org/tests/4890284 | with path: O3 > Job Groups > openSUSE Leap 15.6 Maintenance > openSUSE Leap 15.6 WSL > Build1.890 > wsl2-main > x86_64
Machine:  win10_64bit
YAML_SCHEDULE:  schedule/wsl/wsl_main.yaml
Schedule:  
Failed Modules: 
-----------------------------------
Parsed job: https://openqa.opensuse.org/tests/4890282 | with path: O3 > Job Groups > openSUSE Leap 15.6 Maintenance > openSUSE Leap 15.6 WSL > Build1.890 > wsl2-main@win10_uefi > x86_64
Machine:  win10_uefi
YAML_SCHEDULE:  schedule/wsl/wsl_main.yaml
Schedule:  
Failed Modules: 
-----------------------------------
Parsed job: https://openqa.opensuse.org/tests/4890287 | with path: O3 > Job Groups > openSUSE Leap 15.6 Maintenance > openSUSE Leap 15.6 WSL > Build1.890 > wsl2-main@win11_uefi > x86_64
Machine:  win11_uefi
YAML_SCHEDULE:  schedule/wsl/wsl_main.yaml
Schedule:  
Failed Modules: 
-----------------------------------
Parsed job: https://openqa.opensuse.org/tests/4890288 | with path: O3 > Job Groups > openSUSE Leap 15.6 Maintenance > openSUSE Leap 15.6 WSL > Build1.890 > wsl2-systemd > x86_64
Machine:  win10_64bit
YAML_SCHEDULE:  schedule/wsl/wsl_main.yaml
Schedule:  
Failed Modules: 
-----------------------------------
Parsed job: https://openqa.opensuse.org/tests/4890289 | with path: O3 > Job Groups > openSUSE Leap 15.6 Maintenance > openSUSE Leap 15.6 WSL > Build1.890 > wsl2-systemd@win10_uefi > x86_64
Machine:  win10_uefi
YAML_SCHEDULE:  schedule/wsl/wsl_main.yaml
Schedule:  
Failed Modules: 
-----------------------------------
Parsed job: https://openqa.opensuse.org/tests/4890290 | with path: O3 > Job Groups > openSUSE Leap 15.6 Maintenance > openSUSE Leap 15.6 WSL > Build1.890 > wsl2-systemd@win11_uefi > x86_64
Machine:  win11_uefi
YAML_SCHEDULE:  schedule/wsl/wsl_main.yaml
Schedule:  
Failed Modules: 
-----------------------------------
ParseBuilds:  O3 > Job Groups > openSUSE Leap 15.6 Maintenance > openSUSE Leap Micro 6.1  url: https://openqa.opensuse.org/group_overview/102
ParseJobs:  O3 > Job Groups > openSUSE Leap 15.6 Maintenance > openSUSE Leap Micro 6.1 > Build5.16  url: https://openqa.opensuse.org/tests/overview?distri=leap-micro&version=6.1&build=5.16&groupid=102
Parsed job: https://openqa.opensuse.org/tests/4811021 | with path: O3 > Job Groups > openSUSE Leap 15.6 Maintenance > openSUSE Leap Micro 6.1 > Build5.16 > microos_image_default > x86_64
Machine:  uefi
YAML_SCHEDULE:  
Schedule:  
Failed Modules: 
-----------------------------------
Parsed job: https://openqa.opensuse.org/tests/4811022 | with path: O3 > Job Groups > openSUSE Leap 15.6 Maintenance > openSUSE Leap Micro 6.1 > Build5.16 > microos_installation_default > x86_64
Machine:  uefi
YAML_SCHEDULE:  
Schedule:  
Failed Modules: 
-----------------------------------
Parsed job: https://openqa.opensuse.org/tests/4811004 | with path: O3 > Job Groups > openSUSE Leap 15.6 Maintenance > openSUSE Leap Micro 6.1 > Build5.16 > microos_containers > aarch64
Machine:  aarch64
YAML_SCHEDULE:  
Schedule:  
Failed Modules: 
-----------------------------------
Parsed job: https://openqa.opensuse.org/tests/4811007 | with path: O3 > Job Groups > openSUSE Leap 15.6 Maintenance > openSUSE Leap Micro 6.1 > Build5.16 > microos_containers > x86_64
Machine:  uefi
YAML_SCHEDULE:  
Schedule:  
Failed Modules: 
-----------------------------------
Parsed job: https://openqa.opensuse.org/tests/4811005 | with path: O3 > Job Groups > openSUSE Leap 15.6 Maintenance > openSUSE Leap Micro 6.1 > Build5.16 > microos_image_default > aarch64
Machine:  aarch64
YAML_SCHEDULE:  
Schedule:  
Failed Modules: 
-----------------------------------
Parsed job: https://openqa.opensuse.org/tests/4811009 | with path: O3 > Job Groups > openSUSE Leap 15.6 Maintenance > openSUSE Leap Micro 6.1 > Build5.16 > microos_image_default > x86_64
Machine:  uefi
YAML_SCHEDULE:  
Schedule:  
Failed Modules: 
-----------------------------------
Parsed job: https://openqa.opensuse.org/tests/4811006 | with path: O3 > Job Groups > openSUSE Leap 15.6 Maintenance > openSUSE Leap Micro 6.1 > Build5.16 > microos_virtualization > aarch64
Machine:  aarch64
YAML_SCHEDULE:  
Schedule:  
Failed Modules: 
-----------------------------------
Parsed job: https://openqa.opensuse.org/tests/4811008 | with path: O3 > Job Groups > openSUSE Leap 15.6 Maintenance > openSUSE Leap Micro 6.1 > Build5.16 > microos_virtualization > x86_64
Machine:  uefi
YAML_SCHEDULE:  
Schedule:  
Failed Modules: 
-----------------------------------
Parsed job: https://openqa.opensuse.org/tests/4811010 | with path: O3 > Job Groups > openSUSE Leap 15.6 Maintenance > openSUSE Leap Micro 6.1 > Build5.16 > microos_installation_default > aarch64
Machine:  aarch64
YAML_SCHEDULE:  
Schedule:  
Failed Modules: 
-----------------------------------
Parsed job: https://openqa.opensuse.org/tests/4811011 | with path: O3 > Job Groups > openSUSE Leap 15.6 Maintenance > openSUSE Leap Micro 6.1 > Build5.16 > microos_installation_default > x86_64
Machine:  uefi
YAML_SCHEDULE:  
Schedule:  
Failed Modules: 
-----------------------------------
Parsed job: https://openqa.opensuse.org/tests/4811014 | with path: O3 > Job Groups > openSUSE Leap 15.6 Maintenance > openSUSE Leap Micro 6.1 > Build5.16 > microos_containers > x86_64
Machine:  uefi
YAML_SCHEDULE:  
Schedule:  
Failed Modules: 
-----------------------------------
Parsed job: https://openqa.opensuse.org/tests/4854528 | with path: O3 > Job Groups > openSUSE Leap 15.6 Maintenance > openSUSE Leap Micro 6.1 > Build5.16 > microos_image_default > x86_64
Machine:  uefi
YAML_SCHEDULE:  
Schedule:  
Failed Modules: 
-----------------------------------
Parsed job: https://openqa.opensuse.org/tests/4811013 | with path: O3 > Job Groups > openSUSE Leap 15.6 Maintenance > openSUSE Leap Micro 6.1 > Build5.16 > microos_virtualization > x86_64
Machine:  uefi
YAML_SCHEDULE:  
Schedule:  
Failed Modules: 
-----------------------------------
Parsed job: https://openqa.opensuse.org/tests/4811015 | with path: O3 > Job Groups > openSUSE Leap 15.6 Maintenance > openSUSE Leap Micro 6.1 > Build5.16 > microos_containers > aarch64
Machine:  aarch64
YAML_SCHEDULE:  
Schedule:  
Failed Modules: 
-----------------------------------
Parsed job: https://openqa.opensuse.org/tests/4811018 | with path: O3 > Job Groups > openSUSE Leap 15.6 Maintenance > openSUSE Leap Micro 6.1 > Build5.16 > microos_containers > x86_64
Machine:  uefi
YAML_SCHEDULE:  
Schedule:  
Failed Modules: 
-----------------------------------
Parsed job: https://openqa.opensuse.org/tests/4811016 | with path: O3 > Job Groups > openSUSE Leap 15.6 Maintenance > openSUSE Leap Micro 6.1 > Build5.16 > microos_image_default > aarch64
Machine:  aarch64
YAML_SCHEDULE:  
Schedule:  
Failed Modules: 
-----------------------------------
Parsed job: https://openqa.opensuse.org/tests/4811019 | with path: O3 > Job Groups > openSUSE Leap 15.6 Maintenance > openSUSE Leap Micro 6.1 > Build5.16 > microos_image_default > x86_64
Machine:  uefi
YAML_SCHEDULE:  
Schedule:  
Failed Modules: 
-----------------------------------
Parsed job: https://openqa.opensuse.org/tests/4811017 | with path: O3 > Job Groups > openSUSE Leap 15.6 Maintenance > openSUSE Leap Micro 6.1 > Build5.16 > microos_virtualization > aarch64
Machine:  aarch64
YAML_SCHEDULE:  
Schedule:  
Failed Modules: 
-----------------------------------
Parsed job: https://openqa.opensuse.org/tests/4811020 | with path: O3 > Job Groups > openSUSE Leap 15.6 Maintenance > openSUSE Leap Micro 6.1 > Build5.16 > microos_virtualization > x86_64
Machine:  uefi
YAML_SCHEDULE:  
Schedule:  
Failed Modules: 
-----------------------------------
ParseBuilds:  O3 > Job Groups > openSUSE Leap 15.6 Maintenance > openSUSE Leap Micro 6.0  url: https://openqa.opensuse.org/group_overview/101
ParseJobs:  O3 > Job Groups > openSUSE Leap 15.6 Maintenance > openSUSE Leap Micro 6.0 > Build22.15  url: https://openqa.opensuse.org/tests/overview?distri=leap-micro&version=6.0&build=22.15&groupid=101
ParseBuilds:  O3 > Job Groups > Desktop Environments - Development > openSUSE Argon  url: https://openqa.opensuse.org/group_overview/25
ParseJobs:  O3 > Job Groups > Desktop Environments - Development > openSUSE Argon > Build2.255  url: https://openqa.opensuse.org/tests/overview?distri=opensuse&version=15.6&build=2.255&groupid=25
Parsed job: https://openqa.opensuse.org/tests/4894468 | with path: O3 > Job Groups > Desktop Environments - Development > openSUSE Argon > Build2.255 > krypton-live@USBboot_64-2G > x86_64
Machine:  USBboot_64-2G
YAML_SCHEDULE:  
Schedule:  
Failed Modules: 
-----------------------------------
Parsed job: https://openqa.opensuse.org/tests/4894467 | with path: O3 > Job Groups > Desktop Environments - Development > openSUSE Argon > Build2.255 > krypton-live-installation > x86_64
Machine:  64bit-2G
YAML_SCHEDULE:  
Schedule:  
Failed Modules: 
-----------------------------------
Parsed job: https://openqa.opensuse.org/tests/4894466 | with path: O3 > Job Groups > Desktop Environments - Development > openSUSE Argon > Build2.255 > krypton-live-wayland@uefi_virtio-2G > x86_64
Machine:  uefi_virtio-2G
YAML_SCHEDULE:  
Schedule:  
Failed Modules: 
-----------------------------------
ParseBuilds:  O3 > Job Groups > Desktop Environments - Development > openSUSE Krypton  url: https://openqa.opensuse.org/group_overview/23
ParseJobs:  O3 > Job Groups > Desktop Environments - Development > openSUSE Krypton > Build13.330  url: https://openqa.opensuse.org/tests/overview?distri=opensuse&version=Tumbleweed&build=13.330&groupid=23
Parsed job: https://openqa.opensuse.org/tests/4889571 | with path: O3 > Job Groups > Desktop Environments - Development > openSUSE Krypton > Build13.330 > krypton-live > x86_64
Machine:  USBboot_64-2G
YAML_SCHEDULE:  
Schedule:  
Failed Modules: 
-----------------------------------
Parsed job: https://openqa.opensuse.org/tests/4889572 | with path: O3 > Job Groups > Desktop Environments - Development > openSUSE Krypton > Build13.330 > krypton-live-installation@uefi-2G > x86_64
Machine:  uefi-2G
YAML_SCHEDULE:  
Schedule:  
Failed Modules: 
-----------------------------------
Parsed job: https://openqa.opensuse.org/tests/4889573 | with path: O3 > Job Groups > Desktop Environments - Development > openSUSE Krypton > Build13.330 > krypton-live-wayland@uefi_virtio-2G > x86_64
Machine:  uefi_virtio-2G
YAML_SCHEDULE:  
Schedule:  
Failed Modules: 
-----------------------------------
ParseBuilds:  O3 > Job Groups > Desktop Environments - Development > openSUSE GNOME Next  url: https://openqa.opensuse.org/group_overview/35
ParseJobs:  O3 > Job Groups > Desktop Environments - Development > openSUSE GNOME Next > BuildGNOME_Next.x86_64-48.beta+42-Build30.474.iso  url: https://openqa.opensuse.org/tests/overview?distri=opensuse&version=GNOME_Next.x86_64-48.beta%2B42-Build30.474.iso&build=GNOME_Next.x86_64-48.beta%2B42-Build30.474.iso&groupid=35
Parsed job: https://openqa.opensuse.org/tests/4894552 | with path: O3 > Job Groups > Desktop Environments - Development > openSUSE GNOME Next > BuildGNOME_Next.x86_64-48.beta+42-Build30.474.iso > gnome-live > x86_64
Machine:  64bit-4G
YAML_SCHEDULE:  
Schedule:  
Failed Modules: 
-----------------------------------
Parsed job: https://openqa.opensuse.org/tests/4894551 | with path: O3 > Job Groups > Desktop Environments - Development > openSUSE GNOME Next > BuildGNOME_Next.x86_64-48.beta+42-Build30.474.iso > gnome-live@USBboot_64 > x86_64
Machine:  USBboot_64
YAML_SCHEDULE:  
Schedule:  
Failed Modules: 
-----------------------------------
Parsed job: https://openqa.opensuse.org/tests/4894553 | with path: O3 > Job Groups > Desktop Environments - Development > openSUSE GNOME Next > BuildGNOME_Next.x86_64-48.beta+42-Build30.474.iso > gnome-live@uefi > x86_64
Machine:  uefi
YAML_SCHEDULE:  
Schedule:  
Failed Modules: 
-----------------------------------
Parsed job: https://openqa.opensuse.org/tests/4894550 | with path: O3 > Job Groups > Desktop Environments - Development > openSUSE GNOME Next > BuildGNOME_Next.x86_64-48.beta+42-Build30.474.iso > gnome-live@uefi-usb > x86_64
Machine:  uefi-usb
YAML_SCHEDULE:  
Schedule:  
Failed Modules: 
-----------------------------------
ParseBuilds:  O3 > Job Groups > Others > Windows install  url: https://openqa.opensuse.org/group_overview/22
ParseJobs:  O3 > Job Groups > Others > Windows install > 11-Build21H2  url: https://openqa.opensuse.org/tests/overview?distri=windows&version=11&build=21H2&groupid=22
ParseBuilds:  O3 > Job Groups > Others > Support images  url: https://openqa.opensuse.org/group_overview/107
ParseJobs:  O3 > Job Groups > Others > Support images > Build20250302-1  url: https://openqa.opensuse.org/tests/overview?distri=opensuse&version=15.4&build=20250302-1&groupid=107
ParseBuilds:  O3 > Job Groups > Others > Staging Projects  url: https://openqa.opensuse.org/group_overview/2
ParseJobs:  O3 > Job Groups > Others > Staging Projects > BuildE.1059.1  url: https://openqa.opensuse.org/tests/overview?distri=microos&distri=opensuse&version=Staging%3AE&build=E.1059.1&groupid=2
Parsed job: https://openqa.opensuse.org/tests/4895312 | with path: O3 > Job Groups > Others > Staging Projects > BuildE.1059.1 > RAID0_gpt > x86_64
Machine:  64bit
YAML_SCHEDULE:  schedule/yast/opensuse/raid/raid0_gpt.yaml
Schedule:  
Failed Modules: 
-----------------------------------
Parsed job: https://openqa.opensuse.org/tests/4895308 | with path: O3 > Job Groups > Others > Staging Projects > BuildE.1059.1 > autoyast_mini > x86_64
Machine:  64bit
YAML_SCHEDULE:  
Schedule:  
Failed Modules: 
-----------------------------------
Parsed job: https://openqa.opensuse.org/tests/4895310 | with path: O3 > Job Groups > Others > Staging Projects > BuildE.1059.1 > rescue_system > x86_64
Machine:  64bit
YAML_SCHEDULE:  
Schedule:  
Failed Modules: 
-----------------------------------
Parsed job: https://openqa.opensuse.org/tests/4895311 | with path: O3 > Job Groups > Others > Staging Projects > BuildE.1059.1 > upgrade_staging > x86_64
Machine:  64bit
YAML_SCHEDULE:  
Schedule:  
Failed Modules: 
-----------------------------------
ParseBuilds:  O3 > Job Groups > Open Build Service > OBS Unstable  url: https://openqa.opensuse.org/group_overview/62
ParseJobs:  O3 > Job Groups > Open Build Service > OBS Unstable > Build2.10.51-qcow2-39.122  url: https://openqa.opensuse.org/tests/overview?distri=obs&version=Unstable&build=2.10.51-qcow2-39.122&groupid=62
Parsed job: https://openqa.opensuse.org/tests/4891543 | with path: O3 > Job Groups > Open Build Service > OBS Unstable > Build2.10.51-qcow2-39.122 > obs_appliance > x86_64
Machine:  64bit-4G
YAML_SCHEDULE:  
Schedule:  
Failed Modules: 
-----------------------------------
ParseBuilds:  O3 > Job Groups > Open Build Service > OBS 2.10  url: https://openqa.opensuse.org/group_overview/63
ParseJobs:  O3 > Job Groups > Open Build Service > OBS 2.10 > Build2.10.25-qcow2-2.10  url: https://openqa.opensuse.org/tests/overview?distri=obs&version=2.10&build=2.10.25-qcow2-2.10&groupid=63
Parsed job: https://openqa.opensuse.org/tests/4891274 | with path: O3 > Job Groups > Open Build Service > OBS 2.10 > Build2.10.25-qcow2-2.10 > obs_appliance > x86_64
Machine:  64bit-4G
YAML_SCHEDULE:  
Schedule:  
Failed Modules: 
-----------------------------------
ParseBuilds:  O3 > Job Groups > Open Build Service > OBS 2.9  url: https://openqa.opensuse.org/group_overview/17
ParseJobs:  O3 > Job Groups > Open Build Service > OBS 2.9 > Build2.9.51-qcow2-2.3  url: https://openqa.opensuse.org/tests/overview?distri=obs&version=2.10&build=2.9.51-qcow2-2.3&groupid=17
ParseBuilds:  O3 > Job Groups > old > Agama development - lemon  url: https://openqa.opensuse.org/group_overview/127
ParseJobs:  O3 > Job Groups > old > Agama development - lemon > Build9.35  url: https://openqa.opensuse.org/tests/overview?distri=opensuse&version=16.0&build=9.35&groupid=127
ParseBuilds:  O3 > Job Groups > old > Agama development - Chenzi  url: https://openqa.opensuse.org/group_overview/128
ParseBuilds:  O3 > Job Groups > old > Agama Staging  url: https://openqa.opensuse.org/group_overview/96
ParseJobs:  O3 > Job Groups > old > Agama Staging > Build4.22  url: https://openqa.opensuse.org/tests/overview?distri=alp&version=agama-4.0-staging&build=4.22&groupid=96
ParseBuilds:  O3 > Job Groups > old > ALP Bedrock  url: https://openqa.opensuse.org/group_overview/109
ParseJobs:  O3 > Job Groups > old > ALP Bedrock > Build5.1  url: https://openqa.opensuse.org/tests/overview?distri=alp&version=bedrock-0.1&build=5.1&groupid=109
ParseBuilds:  O3 > Job Groups > old > ALP Micro  url: https://openqa.opensuse.org/group_overview/108
ParseJobs:  O3 > Job Groups > old > ALP Micro > Build3.5  url: https://openqa.opensuse.org/tests/overview?distri=alp&version=micro-0.1&build=3.5&groupid=108
ParseBuilds:  O3 > Job Groups > old > openSUSE Leap 15  url: https://openqa.opensuse.org/group_overview/50
ParseJobs:  O3 > Job Groups > old > openSUSE Leap 15 > Build710.3  url: https://openqa.opensuse.org/tests/overview?distri=opensuse&version=15.6&build=710.3&groupid=50
ParseBuilds:  O3 > Job Groups > old > openSUSE Leap 15 ARM  url: https://openqa.opensuse.org/group_overview/79
ParseJobs:  O3 > Job Groups > old > openSUSE Leap 15 ARM > Build10.124  url: https://openqa.opensuse.org/tests/overview?distri=opensuse&version=15.3&build=10.124&groupid=79
ParseBuilds:  O3 > Job Groups > old > openSUSE Leap Staging Projects  url: https://openqa.opensuse.org/group_overview/6
ParseJobs:  O3 > Job Groups > old > openSUSE Leap Staging Projects > BuildC.287.1  url: https://openqa.opensuse.org/tests/overview?distri=opensuse&version=15.2%3AS%3AC&build=C.287.1&groupid=6
ParseBuilds:  O3 > Job Groups > old > ALP  url: https://openqa.opensuse.org/group_overview/100
ParseJobs:  O3 > Job Groups > old > ALP > Build20221216  url: https://openqa.opensuse.org/tests/overview?distri=alp&version=0.1&build=20221216&groupid=100
ParseBuilds:  O3 > Job Groups > old > ALP Staging  url: https://openqa.opensuse.org/group_overview/105
ParseJobs:  O3 > Job Groups > old > ALP Staging > BuildB.22.1  url: https://openqa.opensuse.org/tests/overview?distri=alp&version=0.1&build=B.22.1&groupid=105
ParseBuilds:  O3 > Job Groups > old > openSUSE Tumbleweed WSL  url: https://openqa.opensuse.org/group_overview/68
ParseJobs:  O3 > Job Groups > old > openSUSE Tumbleweed WSL > Build20210714  url: https://openqa.opensuse.org/tests/overview?distri=opensuse&version=Tumbleweed&build=20210714&groupid=68
ParseBuilds:  O3 > Job Groups > old > openSUSE Leap Micro 5.2 DVD  url: https://openqa.opensuse.org/group_overview/95
ParseBuilds:  O3 > Job Groups > old > openSUSE Leap Micro 5.2 Image  url: https://openqa.opensuse.org/group_overview/94
ParseJobs:  O3 > Job Groups > old > openSUSE Leap Micro 5.2 Image > Build19.1  url: https://openqa.opensuse.org/tests/overview?distri=leap-micro&version=5.2&build=19.1&groupid=94
ParseBuilds:  O3 > Job Groups > old > openSUSE Leap 15.5 Incidents  url: https://openqa.opensuse.org/group_overview/114
ParseJobs:  O3 > Job Groups > old > openSUSE Leap 15.5 Incidents > Build:18199:gstreamer-plugins-bad.1701094309  url: https://openqa.opensuse.org/tests/overview?distri=opensuse&version=15.5&build=%3A18199%3Agstreamer-plugins-bad.1701094309&groupid=114
ParseBuilds:  O3 > Job Groups > old > openSUSE Leap 15.5 Updates  url: https://openqa.opensuse.org/group_overview/112
ParseJobs:  O3 > Job Groups > old > openSUSE Leap 15.5 Updates > Build20250218-1  url: https://openqa.opensuse.org/tests/overview?distri=opensuse&version=15.5&build=20250218-1&groupid=112
Parsed job: https://openqa.opensuse.org/tests/4862046 | with path: O3 > Job Groups > old > openSUSE Leap 15.5 Updates > Build20250218-1 > apparmor > x86_64
Machine:  64bit
YAML_SCHEDULE:  schedule/security/apparmor.yaml
Schedule:  
Failed Modules: 
-----------------------------------
Parsed job: https://openqa.opensuse.org/tests/4862010 | with path: O3 > Job Groups > old > openSUSE Leap 15.5 Updates > Build20250218-1 > autoyast_leap_videomode_text > x86_64
Machine:  64bit
YAML_SCHEDULE:  schedule/functional/autoyast_create_hdd/autoyast_create_hdd_leap_update.yaml
Schedule:  
Failed Modules: 
-----------------------------------
Parsed job: https://openqa.opensuse.org/tests/4862011 | with path: O3 > Job Groups > old > openSUSE Leap 15.5 Updates > Build20250218-1 > create_hdd_gnome > x86_64
Machine:  64bit
YAML_SCHEDULE:  
Schedule:  
Failed Modules: 
-----------------------------------
Parsed job: https://openqa.opensuse.org/tests/4862012 | with path: O3 > Job Groups > old > openSUSE Leap 15.5 Updates > Build20250218-1 > create_hdd_kde > x86_64
Machine:  64bit
YAML_SCHEDULE:  
Schedule:  
Failed Modules: 
-----------------------------------
Parsed job: https://openqa.opensuse.org/tests/4862013 | with path: O3 > Job Groups > old > openSUSE Leap 15.5 Updates > Build20250218-1 > create_hdd_leap_gnome_autoyast > x86_64
Machine:  64bit
YAML_SCHEDULE:  schedule/functional/autoyast_create_hdd/autoyast_create_hdd_leap_update.yaml
Schedule:  
Failed Modules: 
-----------------------------------
Parsed job: https://openqa.opensuse.org/tests/4862040 | with path: O3 > Job Groups > old > openSUSE Leap 15.5 Updates > Build20250218-1 > create_hdd_leap_gnome_uefi_autoyast@uefi > x86_64
Machine:  uefi
YAML_SCHEDULE:  schedule/functional/autoyast_create_hdd/autoyast_create_hdd_leap_update.yaml
Schedule:  
Failed Modules: 
-----------------------------------
Parsed job: https://openqa.opensuse.org/tests/4862014 | with path: O3 > Job Groups > old > openSUSE Leap 15.5 Updates > Build20250218-1 > create_hdd_leap_kde_autoyast > x86_64
Machine:  64bit
YAML_SCHEDULE:  schedule/functional/autoyast_create_hdd/autoyast_create_hdd_leap_update.yaml
Schedule:  
Failed Modules: 
-----------------------------------
Parsed job: https://openqa.opensuse.org/tests/4862041 | with path: O3 > Job Groups > old > openSUSE Leap 15.5 Updates > Build20250218-1 > create_hdd_leap_kde_uefi_autoyast@uefi > x86_64
Machine:  uefi
YAML_SCHEDULE:  schedule/functional/autoyast_create_hdd/autoyast_create_hdd_leap_update.yaml
Schedule:  
Failed Modules: 
-----------------------------------
Parsed job: https://openqa.opensuse.org/tests/4862015 | with path: O3 > Job Groups > old > openSUSE Leap 15.5 Updates > Build20250218-1 > create_hdd_leap_textmode_autoyast > x86_64
Machine:  64bit
YAML_SCHEDULE:  schedule/functional/autoyast_create_hdd/autoyast_create_hdd_leap_update.yaml
Schedule:  
Failed Modules: 
-----------------------------------
Parsed job: https://openqa.opensuse.org/tests/4862042 | with path: O3 > Job Groups > old > openSUSE Leap 15.5 Updates > Build20250218-1 > create_hdd_leap_textmode_uefi_autoyast@uefi > x86_64
Machine:  uefi
YAML_SCHEDULE:  schedule/functional/autoyast_create_hdd/autoyast_create_hdd_leap_update.yaml
Schedule:  
Failed Modules: 
-----------------------------------
Parsed job: https://openqa.opensuse.org/tests/4862016 | with path: O3 > Job Groups > old > openSUSE Leap 15.5 Updates > Build20250218-1 > create_hdd_leap_transactional_server_autoyast > x86_64
Machine:  64bit
YAML_SCHEDULE:  schedule/functional/autoyast_create_hdd/autoyast_create_hdd_leap_update_transactional_server.yaml
Schedule:  
Failed Modules: 
-----------------------------------
Parsed job: https://openqa.opensuse.org/tests/4862017 | with path: O3 > Job Groups > old > openSUSE Leap 15.5 Updates > Build20250218-1 > create_hdd_textmode > x86_64
Machine:  64bit
YAML_SCHEDULE:  
Schedule:  
Failed Modules: 
-----------------------------------
Parsed job: https://openqa.opensuse.org/tests/4862157 | with path: O3 > Job Groups > old > openSUSE Leap 15.5 Updates > Build20250218-1 > create_hdd_transactional_server > x86_64
Machine:  64bit
YAML_SCHEDULE:  
Schedule:  
Failed Modules: 
-----------------------------------
Parsed job: https://openqa.opensuse.org/tests/4862019 | with path: O3 > Job Groups > old > openSUSE Leap 15.5 Updates > Build20250218-1 > cryptlvm > x86_64
Machine:  64bit
YAML_SCHEDULE:  schedule/yast/opensuse/encryption/cryptlvm.yaml
Schedule:  
Failed Modules: 
-----------------------------------
Parsed job: https://openqa.opensuse.org/tests/4862151 | with path: O3 > Job Groups > old > openSUSE Leap 15.5 Updates > Build20250218-1 > extra_tests_filesystem > x86_64
Machine:  64bit
YAML_SCHEDULE:  
Schedule:  
Failed Modules: 
-----------------------------------
Parsed job: https://openqa.opensuse.org/tests/4862170 | with path: O3 > Job Groups > old > openSUSE Leap 15.5 Updates > Build20250218-1 > extra_tests_gnome > x86_64
Machine:  64bit
YAML_SCHEDULE:  schedule/functional/extra_tests_gnome.yaml
Schedule:  
Failed Modules: 
-----------------------------------
Parsed job: https://openqa.opensuse.org/tests/4862043 | with path: O3 > Job Groups > old > openSUSE Leap 15.5 Updates > Build20250218-1 > extra_tests_leap_update_gnome_uefi@uefi > x86_64
Machine:  uefi
YAML_SCHEDULE:  schedule/functional/extra_tests_leap_update_gnome.yaml
Schedule:  
Failed Modules: 
-----------------------------------
Parsed job: https://openqa.opensuse.org/tests/4862044 | with path: O3 > Job Groups > old > openSUSE Leap 15.5 Updates > Build20250218-1 > extra_tests_leap_update_kde_uefi@uefi > x86_64
Machine:  uefi
YAML_SCHEDULE:  schedule/functional/extra_tests_leap_update_kde.yaml
Schedule:  
Failed Modules: 
-----------------------------------
Parsed job: https://openqa.opensuse.org/tests/4862022 | with path: O3 > Job Groups > old > openSUSE Leap 15.5 Updates > Build20250218-1 > extra_tests_leap_update_textmode_2 > x86_64
Machine:  64bit
YAML_SCHEDULE:  schedule/functional/extra_tests_leap_update_textmode.yaml
Schedule:  
Failed Modules: 
-----------------------------------
Parsed job: https://openqa.opensuse.org/tests/4862023 | with path: O3 > Job Groups > old > openSUSE Leap 15.5 Updates > Build20250218-1 > extra_tests_misc > x86_64
Machine:  64bit
YAML_SCHEDULE:  schedule/functional/extra_tests_misc.yaml
Schedule:  
Failed Modules: 
-----------------------------------
Parsed job: https://openqa.opensuse.org/tests/4862024 | with path: O3 > Job Groups > old > openSUSE Leap 15.5 Updates > Build20250218-1 > extra_tests_on_kde > x86_64
Machine:  64bit
YAML_SCHEDULE:  
Schedule:  
Failed Modules: 
-----------------------------------
Parsed job: https://openqa.opensuse.org/tests/4862025 | with path: O3 > Job Groups > old > openSUSE Leap 15.5 Updates > Build20250218-1 > extra_tests_textmode > x86_64
Machine:  64bit
YAML_SCHEDULE:  schedule/functional/extra_tests_textmode.yaml
Schedule:  
Failed Modules: 
-----------------------------------
Parsed job: https://openqa.opensuse.org/tests/4862026 | with path: O3 > Job Groups > old > openSUSE Leap 15.5 Updates > Build20250218-1 > extra_tests_textmode_docker_containers > x86_64
Machine:  64bit
YAML_SCHEDULE:  
Schedule:  
Failed Modules: 
-----------------------------------
Parsed job: https://openqa.opensuse.org/tests/4862027 | with path: O3 > Job Groups > old > openSUSE Leap 15.5 Updates > Build20250218-1 > extra_tests_textmode_kubectl_containers > x86_64
Machine:  64bit
YAML_SCHEDULE:  
Schedule:  
Failed Modules: 
-----------------------------------
Parsed job: https://openqa.opensuse.org/tests/4862028 | with path: O3 > Job Groups > old > openSUSE Leap 15.5 Updates > Build20250218-1 > extra_tests_textmode_podman_containers > x86_64
Machine:  64bit
YAML_SCHEDULE:  
Schedule:  
Failed Modules: 
-----------------------------------
Parsed job: https://openqa.opensuse.org/tests/4862029 | with path: O3 > Job Groups > old > openSUSE Leap 15.5 Updates > Build20250218-1 > extra_tests_transactional_server > x86_64
Machine:  64bit
YAML_SCHEDULE:  schedule/functional/extra_tests_transactional_server.yaml
Schedule:  
Failed Modules: 
-----------------------------------
Parsed job: https://openqa.opensuse.org/tests/4862030 | with path: O3 > Job Groups > old > openSUSE Leap 15.5 Updates > Build20250218-1 > extra_tests_webserver > x86_64
Machine:  64bit
YAML_SCHEDULE:  schedule/qam/common/mau-webserver.yaml
Schedule:  
Failed Modules: 
-----------------------------------
Parsed job: https://openqa.opensuse.org/tests/4862031 | with path: O3 > Job Groups > old > openSUSE Leap 15.5 Updates > Build20250218-1 > gnuhealth > x86_64
Machine:  64bit
YAML_SCHEDULE:  schedule/functional/extra_tests_gnuhealth.yaml
Schedule:  
Failed Modules: 
-----------------------------------
Parsed job: https://openqa.opensuse.org/tests/4862032 | with path: O3 > Job Groups > old > openSUSE Leap 15.5 Updates > Build20250218-1 > openqa_bootstrap > x86_64
Machine:  64bit
YAML_SCHEDULE:  
Schedule:  
Failed Modules: 
-----------------------------------
Parsed job: https://openqa.opensuse.org/tests/4862033 | with path: O3 > Job Groups > old > openSUSE Leap 15.5 Updates > Build20250218-1 > security_audit > x86_64
Machine:  64bit
YAML_SCHEDULE:  schedule/security/audit.yaml
Schedule:  
Failed Modules: 
-----------------------------------
Parsed job: https://openqa.opensuse.org/tests/4862034 | with path: O3 > Job Groups > old > openSUSE Leap 15.5 Updates > Build20250218-1 > textmode > x86_64
Machine:  64bit
YAML_SCHEDULE:  
Schedule:  
Failed Modules: 
-----------------------------------
Parsed job: https://openqa.opensuse.org/tests/4862035 | with path: O3 > Job Groups > old > openSUSE Leap 15.5 Updates > Build20250218-1 > toolkits > x86_64
Machine:  64bit
YAML_SCHEDULE:  schedule/functional/extra_tests_toolkits.yaml
Schedule:  
Failed Modules: 
-----------------------------------
Parsed job: https://openqa.opensuse.org/tests/4862045 | with path: O3 > Job Groups > old > openSUSE Leap 15.5 Updates > Build20250218-1 > upgrade_Leap_15.4_cryptlvm@uefi > x86_64
Machine:  uefi
YAML_SCHEDULE:  
Schedule:  
Failed Modules: 
-----------------------------------
Parsed job: https://openqa.opensuse.org/tests/4862036 | with path: O3 > Job Groups > old > openSUSE Leap 15.5 Updates > Build20250218-1 > upgrade_Leap_15.4_gnome > x86_64
Machine:  64bit
YAML_SCHEDULE:  
Schedule:  
Failed Modules: 
-----------------------------------
Parsed job: https://openqa.opensuse.org/tests/4862037 | with path: O3 > Job Groups > old > openSUSE Leap 15.5 Updates > Build20250218-1 > upgrade_Leap_15.4_kde > x86_64
Machine:  64bit
YAML_SCHEDULE:  
Schedule:  
Failed Modules: 
-----------------------------------
Parsed job: https://openqa.opensuse.org/tests/4862038 | with path: O3 > Job Groups > old > openSUSE Leap 15.5 Updates > Build20250218-1 > zdup-Leap-15.4-gnome > x86_64
Machine:  64bit
YAML_SCHEDULE:  
Schedule:  
Failed Modules: 
-----------------------------------
Parsed job: https://openqa.opensuse.org/tests/4862039 | with path: O3 > Job Groups > old > openSUSE Leap 15.5 Updates > Build20250218-1 > zdup-Leap-15.4-kde > x86_64
Machine:  64bit
YAML_SCHEDULE:  
Schedule:  
Failed Modules: 
-----------------------------------
ParseBuilds:  O3 > Job Groups > old > openSUSE Leap 15.5 Backports  url: https://openqa.opensuse.org/group_overview/113
ParseJobs:  O3 > Job Groups > old > openSUSE Leap 15.5 Backports > Build:18719:libjxl.1738341851  url: https://openqa.opensuse.org/tests/overview?distri=opensuse&version=15.5&build=%3A18719%3Alibjxl.1738341851&groupid=113
Parsed job: https://openqa.opensuse.org/tests/4822593 | with path: O3 > Job Groups > old > openSUSE Leap 15.5 Backports > Build:18719:libjxl.1738341851 > cryptlvm > x86_64
Machine:  64bit-2G
YAML_SCHEDULE:  schedule/yast/opensuse/encryption/cryptlvm.yaml
Schedule:  
Failed Modules: 
-----------------------------------
Parsed job: https://openqa.opensuse.org/tests/4822594 | with path: O3 > Job Groups > old > openSUSE Leap 15.5 Backports > Build:18719:libjxl.1738341851 > gnome > x86_64
Machine:  64bit-2G
YAML_SCHEDULE:  
Schedule:  
Failed Modules: 
-----------------------------------
Parsed job: https://openqa.opensuse.org/tests/4822599 | with path: O3 > Job Groups > old > openSUSE Leap 15.5 Backports > Build:18719:libjxl.1738341851 > gnome@uefi > x86_64
Machine:  uefi
YAML_SCHEDULE:  
Schedule:  
Failed Modules: 
-----------------------------------
Parsed job: https://openqa.opensuse.org/tests/4822595 | with path: O3 > Job Groups > old > openSUSE Leap 15.5 Backports > Build:18719:libjxl.1738341851 > install_with_updates_gnome > x86_64
Machine:  64bit-2G
YAML_SCHEDULE:  
Schedule:  
Failed Modules: 
-----------------------------------
Parsed job: https://openqa.opensuse.org/tests/4822598 | with path: O3 > Job Groups > old > openSUSE Leap 15.5 Backports > Build:18719:libjxl.1738341851 > install_with_updates_kde@uefi-2G > x86_64
Machine:  uefi-2G
YAML_SCHEDULE:  
Schedule:  
Failed Modules: 
-----------------------------------
Parsed job: https://openqa.opensuse.org/tests/4822596 | with path: O3 > Job Groups > old > openSUSE Leap 15.5 Backports > Build:18719:libjxl.1738341851 > kde > x86_64
Machine:  64bit-2G
YAML_SCHEDULE:  
Schedule:  
Failed Modules: 
-----------------------------------
Parsed job: https://openqa.opensuse.org/tests/4822597 | with path: O3 > Job Groups > old > openSUSE Leap 15.5 Backports > Build:18719:libjxl.1738341851 > textmode@64bit > x86_64
Machine:  64bit
YAML_SCHEDULE:  
Schedule:  
Failed Modules: 
-----------------------------------
ParseBuilds:  O3 > Job Groups > old > openSUSE Leap 15.5 Images  url: https://openqa.opensuse.org/group_overview/103
ParseJobs:  O3 > Job Groups > old > openSUSE Leap 15.5 Images > Build13.199  url: https://openqa.opensuse.org/tests/overview?distri=opensuse&version=15.5&build=13.199&groupid=103
ParseBuilds:  O3 > Job Groups > old > openSUSE Leap 15.5 ARMv7  url: https://openqa.opensuse.org/group_overview/106
ParseBuilds:  O3 > Job Groups > old > openSUSE Leap 15.5 ARMv7 Images  url: https://openqa.opensuse.org/group_overview/104
ParseBuilds:  O3 > Job Groups > old > openSUSE Leap 15.5 WSL  url: https://openqa.opensuse.org/group_overview/115
ParseJobs:  O3 > Job Groups > old > openSUSE Leap 15.5 WSL > Build2.781  url: https://openqa.opensuse.org/tests/overview?distri=opensuse&version=15.5&build=2.781&groupid=115
Parsed job: https://openqa.opensuse.org/tests/4831042 | with path: O3 > Job Groups > old > openSUSE Leap 15.5 WSL > Build2.781 > wsl-main > x86_64
Machine:  win10_64bit
YAML_SCHEDULE:  schedule/wsl/wsl_main.yaml
Schedule:  
Failed Modules: 
-----------------------------------
Parsed job: https://openqa.opensuse.org/tests/4831045 | with path: O3 > Job Groups > old > openSUSE Leap 15.5 WSL > Build2.781 > wsl-main@win10_uefi > x86_64
Machine:  win10_uefi
YAML_SCHEDULE:  schedule/wsl/wsl_main.yaml
Schedule:  
Failed Modules: 
-----------------------------------
Parsed job: https://openqa.opensuse.org/tests/4831048 | with path: O3 > Job Groups > old > openSUSE Leap 15.5 WSL > Build2.781 > wsl-main@win11_uefi > x86_64
Machine:  win11_uefi
YAML_SCHEDULE:  schedule/wsl/wsl_main.yaml
Schedule:  
Failed Modules: 
-----------------------------------
Parsed job: https://openqa.opensuse.org/tests/4831043 | with path: O3 > Job Groups > old > openSUSE Leap 15.5 WSL > Build2.781 > wsl2-install-msstore > x86_64
Machine:  win10_64bit
YAML_SCHEDULE:  schedule/wsl/wsl_main.yaml
Schedule:  
Failed Modules: 
-----------------------------------
Parsed job: https://openqa.opensuse.org/tests/4831046 | with path: O3 > Job Groups > old > openSUSE Leap 15.5 WSL > Build2.781 > wsl2-install-msstore@win10_uefi > x86_64
Machine:  win10_uefi
YAML_SCHEDULE:  schedule/wsl/wsl_main.yaml
Schedule:  
Failed Modules: 
-----------------------------------
Parsed job: https://openqa.opensuse.org/tests/4831050 | with path: O3 > Job Groups > old > openSUSE Leap 15.5 WSL > Build2.781 > wsl2-install-msstore@win11_uefi > x86_64
Machine:  win11_uefi
YAML_SCHEDULE:  schedule/wsl/wsl_main.yaml
Schedule:  
Failed Modules: 
-----------------------------------
Parsed job: https://openqa.opensuse.org/tests/4831044 | with path: O3 > Job Groups > old > openSUSE Leap 15.5 WSL > Build2.781 > wsl2-main > x86_64
Machine:  win10_64bit
YAML_SCHEDULE:  schedule/wsl/wsl_main.yaml
Schedule:  
Failed Modules: 
-----------------------------------
Parsed job: https://openqa.opensuse.org/tests/4831047 | with path: O3 > Job Groups > old > openSUSE Leap 15.5 WSL > Build2.781 > wsl2-main@win10_uefi > x86_64
Machine:  win10_uefi
YAML_SCHEDULE:  schedule/wsl/wsl_main.yaml
Schedule:  
Failed Modules: 
-----------------------------------
Parsed job: https://openqa.opensuse.org/tests/4831049 | with path: O3 > Job Groups > old > openSUSE Leap 15.5 WSL > Build2.781 > wsl2-main@win11_uefi > x86_64
Machine:  win11_uefi
YAML_SCHEDULE:  schedule/wsl/wsl_main.yaml
Schedule:  
Failed Modules: 
-----------------------------------
ParseBuilds:  O3 > Job Groups > old > openSUSE Leap 15.4 Incidents  url: https://openqa.opensuse.org/group_overview/97
ParseBuilds:  O3 > Job Groups > old > openSUSE Leap 15.4 Updates  url: https://openqa.opensuse.org/group_overview/98
ParseJobs:  O3 > Job Groups > old > openSUSE Leap 15.4 Updates > Build20250218-1  url: https://openqa.opensuse.org/tests/overview?distri=opensuse&version=15.4&build=20250218-1&groupid=98
Parsed job: https://openqa.opensuse.org/tests/4862002 | with path: O3 > Job Groups > old > openSUSE Leap 15.4 Updates > Build20250218-1 > apparmor > x86_64
Machine:  64bit
YAML_SCHEDULE:  schedule/security/apparmor.yaml
Schedule:  
Failed Modules: 
-----------------------------------
Parsed job: https://openqa.opensuse.org/tests/4861961 | with path: O3 > Job Groups > old > openSUSE Leap 15.4 Updates > Build20250218-1 > autoyast_leap_videomode_text > x86_64
Machine:  64bit
YAML_SCHEDULE:  schedule/functional/autoyast_create_hdd/autoyast_create_hdd_leap_update.yaml
Schedule:  
Failed Modules: 
-----------------------------------
Parsed job: https://openqa.opensuse.org/tests/4861962 | with path: O3 > Job Groups > old > openSUSE Leap 15.4 Updates > Build20250218-1 > create_hdd_gnome > x86_64
Machine:  64bit
YAML_SCHEDULE:  
Schedule:  
Failed Modules: 
-----------------------------------
Parsed job: https://openqa.opensuse.org/tests/4861963 | with path: O3 > Job Groups > old > openSUSE Leap 15.4 Updates > Build20250218-1 > create_hdd_kde > x86_64
Machine:  64bit
YAML_SCHEDULE:  
Schedule:  
Failed Modules: 
-----------------------------------
Parsed job: https://openqa.opensuse.org/tests/4861964 | with path: O3 > Job Groups > old > openSUSE Leap 15.4 Updates > Build20250218-1 > create_hdd_leap_gnome_autoyast > x86_64
Machine:  64bit
YAML_SCHEDULE:  schedule/functional/autoyast_create_hdd/autoyast_create_hdd_leap_update.yaml
Schedule:  
Failed Modules: 
-----------------------------------
Parsed job: https://openqa.opensuse.org/tests/4861995 | with path: O3 > Job Groups > old > openSUSE Leap 15.4 Updates > Build20250218-1 > create_hdd_leap_gnome_uefi_autoyast@uefi > x86_64
Machine:  uefi
YAML_SCHEDULE:  schedule/functional/autoyast_create_hdd/autoyast_create_hdd_leap_update.yaml
Schedule:  
Failed Modules: 
-----------------------------------
Parsed job: https://openqa.opensuse.org/tests/4861965 | with path: O3 > Job Groups > old > openSUSE Leap 15.4 Updates > Build20250218-1 > create_hdd_leap_kde_autoyast > x86_64
Machine:  64bit
YAML_SCHEDULE:  schedule/functional/autoyast_create_hdd/autoyast_create_hdd_leap_update.yaml
Schedule:  
Failed Modules: 
-----------------------------------
Parsed job: https://openqa.opensuse.org/tests/4861996 | with path: O3 > Job Groups > old > openSUSE Leap 15.4 Updates > Build20250218-1 > create_hdd_leap_kde_uefi_autoyast@uefi > x86_64
Machine:  uefi
YAML_SCHEDULE:  schedule/functional/autoyast_create_hdd/autoyast_create_hdd_leap_update.yaml
Schedule:  
Failed Modules: 
-----------------------------------
Parsed job: https://openqa.opensuse.org/tests/4861966 | with path: O3 > Job Groups > old > openSUSE Leap 15.4 Updates > Build20250218-1 > create_hdd_leap_textmode_autoyast > x86_64
Machine:  64bit
YAML_SCHEDULE:  schedule/functional/autoyast_create_hdd/autoyast_create_hdd_leap_update.yaml
Schedule:  
Failed Modules: 
-----------------------------------
Parsed job: https://openqa.opensuse.org/tests/4861997 | with path: O3 > Job Groups > old > openSUSE Leap 15.4 Updates > Build20250218-1 > create_hdd_leap_textmode_uefi_autoyast@uefi > x86_64
Machine:  uefi
YAML_SCHEDULE:  schedule/functional/autoyast_create_hdd/autoyast_create_hdd_leap_update.yaml
Schedule:  
Failed Modules: 
-----------------------------------
Parsed job: https://openqa.opensuse.org/tests/4861967 | with path: O3 > Job Groups > old > openSUSE Leap 15.4 Updates > Build20250218-1 > create_hdd_leap_transactional_server_autoyast > x86_64
Machine:  64bit
YAML_SCHEDULE:  schedule/functional/autoyast_create_hdd/autoyast_create_hdd_leap_update_transactional_server.yaml
Schedule:  
Failed Modules: 
-----------------------------------
Parsed job: https://openqa.opensuse.org/tests/4861968 | with path: O3 > Job Groups > old > openSUSE Leap 15.4 Updates > Build20250218-1 > create_hdd_textmode > x86_64
Machine:  64bit
YAML_SCHEDULE:  
Schedule:  
Failed Modules: 
-----------------------------------
Parsed job: https://openqa.opensuse.org/tests/4861970 | with path: O3 > Job Groups > old > openSUSE Leap 15.4 Updates > Build20250218-1 > create_hdd_transactional_server > x86_64
Machine:  64bit
YAML_SCHEDULE:  
Schedule:  
Failed Modules: 
-----------------------------------
Parsed job: https://openqa.opensuse.org/tests/4861971 | with path: O3 > Job Groups > old > openSUSE Leap 15.4 Updates > Build20250218-1 > cryptlvm > x86_64
Machine:  64bit
YAML_SCHEDULE:  schedule/yast/opensuse/encryption/cryptlvm.yaml
Schedule:  
Failed Modules: 
-----------------------------------
Parsed job: https://openqa.opensuse.org/tests/4861972 | with path: O3 > Job Groups > old > openSUSE Leap 15.4 Updates > Build20250218-1 > extra_tests_filesystem > x86_64
Machine:  64bit
YAML_SCHEDULE:  
Schedule:  
Failed Modules: 
-----------------------------------
Parsed job: https://openqa.opensuse.org/tests/4861973 | with path: O3 > Job Groups > old > openSUSE Leap 15.4 Updates > Build20250218-1 > extra_tests_gnome > x86_64
Machine:  64bit
YAML_SCHEDULE:  schedule/functional/extra_tests_gnome.yaml
Schedule:  
Failed Modules: 
-----------------------------------
Parsed job: https://openqa.opensuse.org/tests/4861974 | with path: O3 > Job Groups > old > openSUSE Leap 15.4 Updates > Build20250218-1 > extra_tests_leap_update_textmode_2 > x86_64
Machine:  64bit
YAML_SCHEDULE:  schedule/functional/extra_tests_leap_update_textmode.yaml
Schedule:  
Failed Modules: 
-----------------------------------
Parsed job: https://openqa.opensuse.org/tests/4861975 | with path: O3 > Job Groups > old > openSUSE Leap 15.4 Updates > Build20250218-1 > extra_tests_misc > x86_64
Machine:  64bit
YAML_SCHEDULE:  schedule/functional/extra_tests_misc.yaml
Schedule:  
Failed Modules: 
-----------------------------------
Parsed job: https://openqa.opensuse.org/tests/4861976 | with path: O3 > Job Groups > old > openSUSE Leap 15.4 Updates > Build20250218-1 > extra_tests_on_kde > x86_64
Machine:  64bit
YAML_SCHEDULE:  
Schedule:  
Failed Modules: 
-----------------------------------
Parsed job: https://openqa.opensuse.org/tests/4861977 | with path: O3 > Job Groups > old > openSUSE Leap 15.4 Updates > Build20250218-1 > extra_tests_textmode > x86_64
Machine:  64bit
YAML_SCHEDULE:  schedule/functional/extra_tests_textmode.yaml
Schedule:  
Failed Modules: 
-----------------------------------
Parsed job: https://openqa.opensuse.org/tests/4861978 | with path: O3 > Job Groups > old > openSUSE Leap 15.4 Updates > Build20250218-1 > extra_tests_textmode_docker_containers > x86_64
Machine:  64bit
YAML_SCHEDULE:  
Schedule:  
Failed Modules: 
-----------------------------------
Parsed job: https://openqa.opensuse.org/tests/4861979 | with path: O3 > Job Groups > old > openSUSE Leap 15.4 Updates > Build20250218-1 > extra_tests_textmode_kubectl_containers > x86_64
Machine:  64bit
YAML_SCHEDULE:  
Schedule:  
Failed Modules: 
-----------------------------------
Parsed job: https://openqa.opensuse.org/tests/4861980 | with path: O3 > Job Groups > old > openSUSE Leap 15.4 Updates > Build20250218-1 > extra_tests_textmode_podman_containers > x86_64
Machine:  64bit
YAML_SCHEDULE:  
Schedule:  
Failed Modules: 
-----------------------------------
Parsed job: https://openqa.opensuse.org/tests/4861981 | with path: O3 > Job Groups > old > openSUSE Leap 15.4 Updates > Build20250218-1 > extra_tests_transactional_server > x86_64
Machine:  64bit
YAML_SCHEDULE:  schedule/functional/extra_tests_transactional_server.yaml
Schedule:  
Failed Modules: 
-----------------------------------
Parsed job: https://openqa.opensuse.org/tests/4861982 | with path: O3 > Job Groups > old > openSUSE Leap 15.4 Updates > Build20250218-1 > extra_tests_webserver > x86_64
Machine:  64bit
YAML_SCHEDULE:  schedule/qam/common/mau-webserver.yaml
Schedule:  
Failed Modules: 
-----------------------------------
Parsed job: https://openqa.opensuse.org/tests/4861983 | with path: O3 > Job Groups > old > openSUSE Leap 15.4 Updates > Build20250218-1 > gnuhealth > x86_64
Machine:  64bit
YAML_SCHEDULE:  schedule/functional/extra_tests_gnuhealth.yaml
Schedule:  
Failed Modules: 
-----------------------------------
Parsed job: https://openqa.opensuse.org/tests/4861984 | with path: O3 > Job Groups > old > openSUSE Leap 15.4 Updates > Build20250218-1 > openqa_bootstrap > x86_64
Machine:  64bit
YAML_SCHEDULE:  
Schedule:  
Failed Modules: 
-----------------------------------
Parsed job: https://openqa.opensuse.org/tests/4861985 | with path: O3 > Job Groups > old > openSUSE Leap 15.4 Updates > Build20250218-1 > security_audit > x86_64
Machine:  64bit
YAML_SCHEDULE:  schedule/security/audit.yaml
Schedule:  
Failed Modules: 
-----------------------------------
Parsed job: https://openqa.opensuse.org/tests/4861986 | with path: O3 > Job Groups > old > openSUSE Leap 15.4 Updates > Build20250218-1 > textmode > x86_64
Machine:  64bit
YAML_SCHEDULE:  
Schedule:  
Failed Modules: 
-----------------------------------
Parsed job: https://openqa.opensuse.org/tests/4862000 | with path: O3 > Job Groups > old > openSUSE Leap 15.4 Updates > Build20250218-1 > upgrade_Leap_15.2_cryptlvm@uefi > x86_64
Machine:  uefi
YAML_SCHEDULE:  
Schedule:  
Failed Modules: 
-----------------------------------
Parsed job: https://openqa.opensuse.org/tests/4861987 | with path: O3 > Job Groups > old > openSUSE Leap 15.4 Updates > Build20250218-1 > upgrade_Leap_15.2_gnome > x86_64
Machine:  64bit
YAML_SCHEDULE:  
Schedule:  
Failed Modules: 
-----------------------------------
Parsed job: https://openqa.opensuse.org/tests/4861988 | with path: O3 > Job Groups > old > openSUSE Leap 15.4 Updates > Build20250218-1 > upgrade_Leap_15.2_kde > x86_64
Machine:  64bit
YAML_SCHEDULE:  
Schedule:  
Failed Modules: 
-----------------------------------
Parsed job: https://openqa.opensuse.org/tests/4862001 | with path: O3 > Job Groups > old > openSUSE Leap 15.4 Updates > Build20250218-1 > upgrade_Leap_15.3_cryptlvm@uefi > x86_64
Machine:  uefi
YAML_SCHEDULE:  
Schedule:  
Failed Modules: 
-----------------------------------
Parsed job: https://openqa.opensuse.org/tests/4861989 | with path: O3 > Job Groups > old > openSUSE Leap 15.4 Updates > Build20250218-1 > upgrade_Leap_15.3_gnome > x86_64
Machine:  64bit
YAML_SCHEDULE:  
Schedule:  
Failed Modules: 
-----------------------------------
Parsed job: https://openqa.opensuse.org/tests/4861990 | with path: O3 > Job Groups > old > openSUSE Leap 15.4 Updates > Build20250218-1 > upgrade_Leap_15.3_kde > x86_64
Machine:  64bit
YAML_SCHEDULE:  
Schedule:  
Failed Modules: 
-----------------------------------
Parsed job: https://openqa.opensuse.org/tests/4861991 | with path: O3 > Job Groups > old > openSUSE Leap 15.4 Updates > Build20250218-1 > zdup-Leap-15.2-gnome > x86_64
Machine:  64bit
YAML_SCHEDULE:  
Schedule:  
Failed Modules: 
-----------------------------------
Parsed job: https://openqa.opensuse.org/tests/4861992 | with path: O3 > Job Groups > old > openSUSE Leap 15.4 Updates > Build20250218-1 > zdup-Leap-15.2-kde > x86_64
Machine:  64bit
YAML_SCHEDULE:  
Schedule:  
Failed Modules: 
-----------------------------------
Parsed job: https://openqa.opensuse.org/tests/4861993 | with path: O3 > Job Groups > old > openSUSE Leap 15.4 Updates > Build20250218-1 > zdup-Leap-15.3-gnome > x86_64
Machine:  64bit
YAML_SCHEDULE:  
Schedule:  
Failed Modules: 
-----------------------------------
Parsed job: https://openqa.opensuse.org/tests/4861994 | with path: O3 > Job Groups > old > openSUSE Leap 15.4 Updates > Build20250218-1 > zdup-Leap-15.3-kde > x86_64
Machine:  64bit
YAML_SCHEDULE:  
Schedule:  
Failed Modules: 
-----------------------------------
ParseBuilds:  O3 > Job Groups > old > openSUSE Leap 15.4 Backports  url: https://openqa.opensuse.org/group_overview/99
ParseJobs:  O3 > Job Groups > old > openSUSE Leap 15.4 Backports > Build20250218-1  url: https://openqa.opensuse.org/tests/overview?distri=opensuse&version=15.4&build=20250218-1&groupid=99
Parsed job: https://openqa.opensuse.org/tests/4862003 | with path: O3 > Job Groups > old > openSUSE Leap 15.4 Backports > Build20250218-1 > cryptlvm > x86_64
Machine:  64bit-2G
YAML_SCHEDULE:  schedule/yast/opensuse/encryption/cryptlvm.yaml
Schedule:  
Failed Modules: 
-----------------------------------
Parsed job: https://openqa.opensuse.org/tests/4862004 | with path: O3 > Job Groups > old > openSUSE Leap 15.4 Backports > Build20250218-1 > gnome > x86_64
Machine:  64bit-2G
YAML_SCHEDULE:  
Schedule:  
Failed Modules: 
-----------------------------------
Parsed job: https://openqa.opensuse.org/tests/4862009 | with path: O3 > Job Groups > old > openSUSE Leap 15.4 Backports > Build20250218-1 > gnome@uefi > x86_64
Machine:  uefi
YAML_SCHEDULE:  
Schedule:  
Failed Modules: 
-----------------------------------
Parsed job: https://openqa.opensuse.org/tests/4862005 | with path: O3 > Job Groups > old > openSUSE Leap 15.4 Backports > Build20250218-1 > install_with_updates_gnome > x86_64
Machine:  64bit-2G
YAML_SCHEDULE:  
Schedule:  
Failed Modules: 
-----------------------------------
Parsed job: https://openqa.opensuse.org/tests/4862008 | with path: O3 > Job Groups > old > openSUSE Leap 15.4 Backports > Build20250218-1 > install_with_updates_kde@uefi-2G > x86_64
Machine:  uefi-2G
YAML_SCHEDULE:  
Schedule:  
Failed Modules: 
-----------------------------------
Parsed job: https://openqa.opensuse.org/tests/4862006 | with path: O3 > Job Groups > old > openSUSE Leap 15.4 Backports > Build20250218-1 > kde > x86_64
Machine:  64bit-2G
YAML_SCHEDULE:  
Schedule:  
Failed Modules: 
-----------------------------------
Parsed job: https://openqa.opensuse.org/tests/4862007 | with path: O3 > Job Groups > old > openSUSE Leap 15.4 Backports > Build20250218-1 > textmode@64bit > x86_64
Machine:  64bit
YAML_SCHEDULE:  
Schedule:  
Failed Modules: 
-----------------------------------
ParseBuilds:  O3 > Job Groups > old > openSUSE Leap 15.4 Images  url: https://openqa.opensuse.org/group_overview/89
ParseJobs:  O3 > Job Groups > old > openSUSE Leap 15.4 Images > Build93.11  url: https://openqa.opensuse.org/tests/overview?distri=opensuse&version=15.4&build=93.11&groupid=89
ParseBuilds:  O3 > Job Groups > old > openSUSE Leap 15.4 ARMv7  url: https://openqa.opensuse.org/group_overview/92
ParseBuilds:  O3 > Job Groups > old > openSUSE Leap 15.4 ARMv7 Images  url: https://openqa.opensuse.org/group_overview/91
ParseBuilds:  O3 > Job Groups > old > openSUSE Leap 15.4 Continous Rebuild  url: https://openqa.opensuse.org/group_overview/88
ParseBuilds:  O3 > Job Groups > old > openSUSE Leap 15.4 WSL  url: https://openqa.opensuse.org/group_overview/90
ParseJobs:  O3 > Job Groups > old > openSUSE Leap 15.4 WSL > Build1.1186  url: https://openqa.opensuse.org/tests/overview?distri=opensuse&version=15.4&build=1.1186&groupid=90
Parsed job: https://openqa.opensuse.org/tests/4833094 | with path: O3 > Job Groups > old > openSUSE Leap 15.4 WSL > Build1.1186 > wsl-install-MSStore-Leap15.4 > x86_64
Machine:  64bit_win
YAML_SCHEDULE:  schedule/wsl/wsl_main.yaml
Schedule:  
Failed Modules: 
-----------------------------------
Parsed job: https://openqa.opensuse.org/tests/4833095 | with path: O3 > Job Groups > old > openSUSE Leap 15.4 WSL > Build1.1186 > wsl-main > x86_64
Machine:  64bit_win
YAML_SCHEDULE:  schedule/wsl/wsl_main.yaml
Schedule:  
Failed Modules: 
-----------------------------------
Parsed job: https://openqa.opensuse.org/tests/4833097 | with path: O3 > Job Groups > old > openSUSE Leap 15.4 WSL > Build1.1186 > wsl-main@uefi_win > x86_64
Machine:  uefi_win
YAML_SCHEDULE:  schedule/wsl/wsl_main.yaml
Schedule:  
Failed Modules: 
-----------------------------------
Parsed job: https://openqa.opensuse.org/tests/4833096 | with path: O3 > Job Groups > old > openSUSE Leap 15.4 WSL > Build1.1186 > wsl2-main > x86_64
Machine:  64bit_win
YAML_SCHEDULE:  schedule/wsl/wsl_main.yaml
Schedule:  
Failed Modules: 
-----------------------------------
ParseBuilds:  O3 > Job Groups > old > openSUSE Leap 15.3 Incidents  url: https://openqa.opensuse.org/group_overview/81
ParseJobs:  O3 > Job Groups > old > openSUSE Leap 15.3 Incidents > Build:16763:skelcd-control-openSUSE.1627827667  url: https://openqa.opensuse.org/tests/overview?distri=opensuse&version=15.3&build=%3A16763%3Askelcd-control-openSUSE.1627827667&groupid=81
ParseBuilds:  O3 > Job Groups > old > openSUSE Leap 15.3 Updates  url: https://openqa.opensuse.org/group_overview/80
ParseJobs:  O3 > Job Groups > old > openSUSE Leap 15.3 Updates > Build20220704-3  url: https://openqa.opensuse.org/tests/overview?distri=opensuse&version=15.3&build=20220704-3&groupid=80
ParseBuilds:  O3 > Job Groups > old > openSUSE Leap 15.3 Backports  url: https://openqa.opensuse.org/group_overview/84
ParseJobs:  O3 > Job Groups > old > openSUSE Leap 15.3 Backports > Build:16946:aria2.1631619145  url: https://openqa.opensuse.org/tests/overview?distri=opensuse&version=15.3&build=%3A16946%3Aaria2.1631619145&groupid=84
ParseBuilds:  O3 > Job Groups > old > openSUSE Leap 15.3 Images  url: https://openqa.opensuse.org/group_overview/77
ParseJobs:  O3 > Job Groups > old > openSUSE Leap 15.3 Images > Build9.681  url: https://openqa.opensuse.org/tests/overview?distri=opensuse&version=15.3&build=9.681&groupid=77
ParseBuilds:  O3 > Job Groups > old > openSUSE Leap 15.3 ARMv7 Images  url: https://openqa.opensuse.org/group_overview/83
ParseBuilds:  O3 > Job Groups > old > openSUSE Leap 15.2 Images  url: https://openqa.opensuse.org/group_overview/65
ParseJobs:  O3 > Job Groups > old > openSUSE Leap 15.2 Images > Build31.522  url: https://openqa.opensuse.org/tests/overview?distri=opensuse&version=15.2&build=31.522&groupid=65
ParseBuilds:  O3 > Job Groups > old > openSUSE Leap 15.2 AArch64 Images  url: https://openqa.opensuse.org/group_overview/66
ParseJobs:  O3 > Job Groups > old > openSUSE Leap 15.2 AArch64 Images > Build1.270  url: https://openqa.opensuse.org/tests/overview?distri=opensuse&version=15.2&build=1.270&groupid=66
ParseBuilds:  O3 > Job Groups > old > openSUSE Leap 15.2 WSL  url: https://openqa.opensuse.org/group_overview/67
ParseJobs:  O3 > Job Groups > old > openSUSE Leap 15.2 WSL > Build1.43  url: https://openqa.opensuse.org/tests/overview?distri=opensuse&version=15.2&build=1.43&groupid=67
ParseBuilds:  O3 > Job Groups > old > openSUSE Leap 15.2 Incidents  url: https://openqa.opensuse.org/group_overview/70
ParseJobs:  O3 > Job Groups > old > openSUSE Leap 15.2 Incidents > Build:16134:gnuhealth.1619074869  url: https://openqa.opensuse.org/tests/overview?distri=opensuse&version=15.2&build=%3A16134%3Agnuhealth.1619074869&groupid=70
ParseBuilds:  O3 > Job Groups > old > openSUSE Leap 15.2 Updates  url: https://openqa.opensuse.org/group_overview/69
ParseJobs:  O3 > Job Groups > old > openSUSE Leap 15.2 Updates > Build20211105-2  url: https://openqa.opensuse.org/tests/overview?distri=opensuse&version=15.2&build=20211105-2&groupid=69
ParseBuilds:  O3 > Job Groups > old > openSUSE Leap 15.2 MicroOS  url: https://openqa.opensuse.org/group_overview/73
ParseJobs:  O3 > Job Groups > old > openSUSE Leap 15.2 MicroOS > Build76.1  url: https://openqa.opensuse.org/tests/overview?distri=microos&version=15.2&build=76.1&groupid=73
ParseBuilds:  O3 > Job Groups > old > openSUSE Leap 15.1 AArch64 Images  url: https://openqa.opensuse.org/group_overview/59
ParseJobs:  O3 > Job Groups > old > openSUSE Leap 15.1 AArch64 Images > Build1.37  url: https://openqa.opensuse.org/tests/overview?distri=opensuse&version=15.1&build=1.37&groupid=59
ParseBuilds:  O3 > Job Groups > old > openSUSE Leap 15.1 Incidents  url: https://openqa.opensuse.org/group_overview/60
ParseJobs:  O3 > Job Groups > old > openSUSE Leap 15.1 Incidents > Build:12676:gsoap.1590669331  url: https://openqa.opensuse.org/tests/overview?distri=opensuse&version=15.1&build=%3A12676%3Agsoap.1590669331&groupid=60
ParseBuilds:  O3 > Job Groups > old > openSUSE Leap 15.1 Updates  url: https://openqa.opensuse.org/group_overview/61
ParseJobs:  O3 > Job Groups > old > openSUSE Leap 15.1 Updates > Build20201207-1  url: https://openqa.opensuse.org/tests/overview?distri=opensuse&version=15.1&build=20201207-1&groupid=61
ParseBuilds:  O3 > Job Groups > old > openSUSE Leap 15 AArch64  url: https://openqa.opensuse.org/group_overview/52
ParseJobs:  O3 > Job Groups > old > openSUSE Leap 15 AArch64 > Build208.3  url: https://openqa.opensuse.org/tests/overview?distri=opensuse&version=15.2&build=208.3&groupid=52
Parsed job: https://openqa.opensuse.org/tests/4783077 | with path: O3 > Job Groups > old > openSUSE Leap 15 AArch64 > Build208.3 > RAID0_gpt_uefi > aarch64
Machine:  aarch64
YAML_SCHEDULE:  schedule/yast/opensuse/raid/raid0_gpt.yaml
Schedule:  
Failed Modules: 
-----------------------------------
Parsed job: https://openqa.opensuse.org/tests/4783051 | with path: O3 > Job Groups > old > openSUSE Leap 15 AArch64 > Build208.3 > autoyast_minimal > aarch64
Machine:  aarch64
YAML_SCHEDULE:  
Schedule:  
Failed Modules: 
-----------------------------------
Parsed job: https://openqa.opensuse.org/tests/4783048 | with path: O3 > Job Groups > old > openSUSE Leap 15 AArch64 > Build208.3 > btrfs+warnings > aarch64
Machine:  aarch64
YAML_SCHEDULE:  
Schedule:  
Failed Modules: 
-----------------------------------
Parsed job: https://openqa.opensuse.org/tests/4783094 | with path: O3 > Job Groups > old > openSUSE Leap 15 AArch64 > Build208.3 > create_hdd_cryptlvm > aarch64
Machine:  aarch64
YAML_SCHEDULE:  
Schedule:  
Failed Modules: 
-----------------------------------
Parsed job: https://openqa.opensuse.org/tests/4783059 | with path: O3 > Job Groups > old > openSUSE Leap 15 AArch64 > Build208.3 > create_hdd_gnome > aarch64
Machine:  aarch64
YAML_SCHEDULE:  
Schedule:  
Failed Modules: 
-----------------------------------
Parsed job: https://openqa.opensuse.org/tests/4783071 | with path: O3 > Job Groups > old > openSUSE Leap 15 AArch64 > Build208.3 > create_hdd_gnome-wayland > aarch64
Machine:  aarch64
YAML_SCHEDULE:  
Schedule:  
Failed Modules: 
-----------------------------------
Parsed job: https://openqa.opensuse.org/tests/4783060 | with path: O3 > Job Groups > old > openSUSE Leap 15 AArch64 > Build208.3 > create_hdd_gnome-x11 > aarch64
Machine:  aarch64
YAML_SCHEDULE:  
Schedule:  
Failed Modules: 
-----------------------------------
Parsed job: https://openqa.opensuse.org/tests/4783042 | with path: O3 > Job Groups > old > openSUSE Leap 15 AArch64 > Build208.3 > create_hdd_kde > aarch64
Machine:  aarch64
YAML_SCHEDULE:  
Schedule:  
Failed Modules: 
-----------------------------------
Parsed job: https://openqa.opensuse.org/tests/4783049 | with path: O3 > Job Groups > old > openSUSE Leap 15 AArch64 > Build208.3 > create_hdd_textmode > aarch64
Machine:  aarch64
YAML_SCHEDULE:  
Schedule:  
Failed Modules: 
-----------------------------------
Parsed job: https://openqa.opensuse.org/tests/4783072 | with path: O3 > Job Groups > old > openSUSE Leap 15 AArch64 > Build208.3 > create_hdd_xfce > aarch64
Machine:  aarch64
YAML_SCHEDULE:  
Schedule:  
Failed Modules: 
-----------------------------------
Parsed job: https://openqa.opensuse.org/tests/4783054 | with path: O3 > Job Groups > old > openSUSE Leap 15 AArch64 > Build208.3 > ext4 > aarch64
Machine:  aarch64
YAML_SCHEDULE:  
Schedule:  
Failed Modules: 
-----------------------------------
Parsed job: https://openqa.opensuse.org/tests/4783090 | with path: O3 > Job Groups > old > openSUSE Leap 15 AArch64 > Build208.3 > gnome > aarch64
Machine:  aarch64
YAML_SCHEDULE:  
Schedule:  
Failed Modules: 
-----------------------------------
Parsed job: https://openqa.opensuse.org/tests/4783052 | with path: O3 > Job Groups > old > openSUSE Leap 15 AArch64 > Build208.3 > gnome-ext4 > aarch64
Machine:  aarch64
YAML_SCHEDULE:  
Schedule:  
Failed Modules: 
-----------------------------------
Parsed job: https://openqa.opensuse.org/tests/4783078 | with path: O3 > Job Groups > old > openSUSE Leap 15 AArch64 > Build208.3 > install_only > aarch64
Machine:  aarch64
YAML_SCHEDULE:  
Schedule:  
Failed Modules: 
-----------------------------------
Parsed job: https://openqa.opensuse.org/tests/4783076 | with path: O3 > Job Groups > old > openSUSE Leap 15 AArch64 > Build208.3 > install_only@aarch64-multipath > aarch64
Machine:  aarch64-multipath
YAML_SCHEDULE:  
Schedule:  
Failed Modules: 
-----------------------------------
Parsed job: https://openqa.opensuse.org/tests/4783067 | with path: O3 > Job Groups > old > openSUSE Leap 15 AArch64 > Build208.3 > install_only@aarch64-secureboot-opensuse-key > aarch64
Machine:  aarch64-secureboot-opensuse-key
YAML_SCHEDULE:  
Schedule:  
Failed Modules: 
-----------------------------------
Parsed job: https://openqa.opensuse.org/tests/4783068 | with path: O3 > Job Groups > old > openSUSE Leap 15 AArch64 > Build208.3 > install_only@aarch64-uefi_http_boot > aarch64
Machine:  aarch64-uefi_http_boot
YAML_SCHEDULE:  
Schedule:  
Failed Modules: 
-----------------------------------
Parsed job: https://openqa.opensuse.org/tests/4783084 | with path: O3 > Job Groups > old > openSUSE Leap 15 AArch64 > Build208.3 > install_only@smp_aarch64 > aarch64
Machine:  smp_aarch64
YAML_SCHEDULE:  
Schedule:  
Failed Modules: 
-----------------------------------
Parsed job: https://openqa.opensuse.org/tests/4783088 | with path: O3 > Job Groups > old > openSUSE Leap 15 AArch64 > Build208.3 > kde > aarch64
Machine:  aarch64
YAML_SCHEDULE:  
Schedule:  
Failed Modules: 
-----------------------------------
Parsed job: https://openqa.opensuse.org/tests/4783062 | with path: O3 > Job Groups > old > openSUSE Leap 15 AArch64 > Build208.3 > kde@USBboot_aarch64 > aarch64
Machine:  USBboot_aarch64
YAML_SCHEDULE:  
Schedule:  
Failed Modules: 
-----------------------------------
Parsed job: https://openqa.opensuse.org/tests/4783083 | with path: O3 > Job Groups > old > openSUSE Leap 15 AArch64 > Build208.3 > kde-wayland > aarch64
Machine:  aarch64
YAML_SCHEDULE:  
Schedule:  
Failed Modules: 
-----------------------------------
Parsed job: https://openqa.opensuse.org/tests/4783089 | with path: O3 > Job Groups > old > openSUSE Leap 15 AArch64 > Build208.3 > lvm > aarch64
Machine:  aarch64
YAML_SCHEDULE:  schedule/yast/opensuse/lvm/lvm.yaml
Schedule:  
Failed Modules: 
-----------------------------------
Parsed job: https://openqa.opensuse.org/tests/4783091 | with path: O3 > Job Groups > old > openSUSE Leap 15 AArch64 > Build208.3 > mediacheck > aarch64
Machine:  aarch64
YAML_SCHEDULE:  schedule/yast/opensuse/mediacheck.yaml
Schedule:  
Failed Modules: 
-----------------------------------
Parsed job: https://openqa.opensuse.org/tests/4783087 | with path: O3 > Job Groups > old > openSUSE Leap 15 AArch64 > Build208.3 > minimalx > aarch64
Machine:  aarch64
YAML_SCHEDULE:  
Schedule:  
Failed Modules: 
-----------------------------------
Parsed job: https://openqa.opensuse.org/tests/4783040 | with path: O3 > Job Groups > old > openSUSE Leap 15 AArch64 > Build208.3 > package-dependency > aarch64
Machine:  aarch64
YAML_SCHEDULE:  
Schedule:  
Failed Modules: 
-----------------------------------
Parsed job: https://openqa.opensuse.org/tests/4783057 | with path: O3 > Job Groups > old > openSUSE Leap 15 AArch64 > Build208.3 > rescue_system > aarch64
Machine:  aarch64
YAML_SCHEDULE:  
Schedule:  
Failed Modules: 
-----------------------------------
Parsed job: https://openqa.opensuse.org/tests/4783080 | with path: O3 > Job Groups > old > openSUSE Leap 15 AArch64 > Build208.3 > system_performance > aarch64
Machine:  aarch64
YAML_SCHEDULE:  
Schedule:  
Failed Modules: 
-----------------------------------
Parsed job: https://openqa.opensuse.org/tests/4783086 | with path: O3 > Job Groups > old > openSUSE Leap 15 AArch64 > Build208.3 > textmode > aarch64
Machine:  aarch64
YAML_SCHEDULE:  
Schedule:  
Failed Modules: 
-----------------------------------
Parsed job: https://openqa.opensuse.org/tests/4783058 | with path: O3 > Job Groups > old > openSUSE Leap 15 AArch64 > Build208.3 > transactional_server > aarch64
Machine:  aarch64
YAML_SCHEDULE:  
Schedule:  
Failed Modules: 
-----------------------------------
Parsed job: https://openqa.opensuse.org/tests/4783043 | with path: O3 > Job Groups > old > openSUSE Leap 15 AArch64 > Build208.3 > upgrade_Leap_15.0_gnome > aarch64
Machine:  aarch64
YAML_SCHEDULE:  
Schedule:  
Failed Modules: 
-----------------------------------
Parsed job: https://openqa.opensuse.org/tests/4783044 | with path: O3 > Job Groups > old > openSUSE Leap 15 AArch64 > Build208.3 > upgrade_Leap_15.0_kde > aarch64
Machine:  aarch64
YAML_SCHEDULE:  
Schedule:  
Failed Modules: 
-----------------------------------
Parsed job: https://openqa.opensuse.org/tests/4783041 | with path: O3 > Job Groups > old > openSUSE Leap 15 AArch64 > Build208.3 > upgrade_Leap_15.1_gnome > aarch64
Machine:  aarch64
YAML_SCHEDULE:  
Schedule:  
Failed Modules: 
-----------------------------------
Parsed job: https://openqa.opensuse.org/tests/4783085 | with path: O3 > Job Groups > old > openSUSE Leap 15 AArch64 > Build208.3 > xfce > aarch64
Machine:  aarch64
YAML_SCHEDULE:  
Schedule:  
Failed Modules: 
-----------------------------------
Parsed job: https://openqa.opensuse.org/tests/4783063 | with path: O3 > Job Groups > old > openSUSE Leap 15 AArch64 > Build208.3 > xfs > aarch64
Machine:  aarch64
YAML_SCHEDULE:  
Schedule:  
Failed Modules: 
-----------------------------------
Parsed job: https://openqa.opensuse.org/tests/4783046 | with path: O3 > Job Groups > old > openSUSE Leap 15 AArch64 > Build208.3 > zdup-Leap-15.0-gnome > aarch64
Machine:  aarch64
YAML_SCHEDULE:  
Schedule:  
Failed Modules: 
-----------------------------------
Parsed job: https://openqa.opensuse.org/tests/4783030 | with path: O3 > Job Groups > old > openSUSE Leap 15 AArch64 > Build208.3 > RAID0 > aarch64
Machine:  aarch64
YAML_SCHEDULE:  
Schedule:  
Failed Modules: 
-----------------------------------
Parsed job: https://openqa.opensuse.org/tests/4783029 | with path: O3 > Job Groups > old > openSUSE Leap 15 AArch64 > Build208.3 > create_hdd_minimalx > aarch64
Machine:  aarch64
YAML_SCHEDULE:  
Schedule:  
Failed Modules: 
-----------------------------------
Parsed job: https://openqa.opensuse.org/tests/4783028 | with path: O3 > Job Groups > old > openSUSE Leap 15 AArch64 > Build208.3 > cryptlvm > aarch64
Machine:  aarch64
YAML_SCHEDULE:  
Schedule:  
Failed Modules: 
-----------------------------------
Parsed job: https://openqa.opensuse.org/tests/4783026 | with path: O3 > Job Groups > old > openSUSE Leap 15 AArch64 > Build208.3 > install_only > aarch64
Machine:  aarch64
YAML_SCHEDULE:  
Schedule:  
Failed Modules: 
-----------------------------------
Parsed job: https://openqa.opensuse.org/tests/4783037 | with path: O3 > Job Groups > old > openSUSE Leap 15 AArch64 > Build208.3 > lxde > aarch64
Machine:  aarch64
YAML_SCHEDULE:  
Schedule:  
Failed Modules: 
-----------------------------------
Parsed job: https://openqa.opensuse.org/tests/4783027 | with path: O3 > Job Groups > old > openSUSE Leap 15 AArch64 > Build208.3 > minimalx > aarch64
Machine:  aarch64
YAML_SCHEDULE:  
Schedule:  
Failed Modules: 
-----------------------------------
Parsed job: https://openqa.opensuse.org/tests/4783036 | with path: O3 > Job Groups > old > openSUSE Leap 15 AArch64 > Build208.3 > textmode > aarch64
Machine:  aarch64
YAML_SCHEDULE:  
Schedule:  
Failed Modules: 
-----------------------------------
ParseBuilds:  O3 > Job Groups > old > openSUSE Leap 15 PowerPC  url: https://openqa.opensuse.org/group_overview/51
ParseBuilds:  O3 > Job Groups > old > openSUSE Leap 15.1 Images  url: https://openqa.opensuse.org/group_overview/58
ParseJobs:  O3 > Job Groups > old > openSUSE Leap 15.1 Images > Build8.12.194  url: https://openqa.opensuse.org/tests/overview?distri=opensuse&version=15.1&build=8.12.194&groupid=58
ParseBuilds:  O3 > Job Groups > old > openSUSE Jump 15.2 Images  url: https://openqa.opensuse.org/group_overview/76
ParseBuilds:  O3 > Job Groups > old > openSUSE Leap 15.0 Updates  url: https://openqa.opensuse.org/group_overview/55
ParseJobs:  O3 > Job Groups > old > openSUSE Leap 15.0 Updates > Build20191226-1  url: https://openqa.opensuse.org/tests/overview?distri=opensuse&version=15.0&build=20191226-1&groupid=55
ParseBuilds:  O3 > Job Groups > old > openSUSE Leap 15.0 Incidents  url: https://openqa.opensuse.org/group_overview/54
ParseJobs:  O3 > Job Groups > old > openSUSE Leap 15.0 Incidents > Build:9260:open-iscsi.1544102946  url: https://openqa.opensuse.org/tests/overview?distri=opensuse&version=15.0&build=%3A9260%3Aopen-iscsi.1544102946&groupid=54
ParseBuilds:  O3 > Job Groups > old > openSUSE Leap 15.0 Images  url: https://openqa.opensuse.org/group_overview/53
ParseJobs:  O3 > Job Groups > old > openSUSE Leap 15.0 Images > Build20.282  url: https://openqa.opensuse.org/tests/overview?distri=opensuse&version=15.0&build=20.282&groupid=53
ParseBuilds:  O3 > Job Groups > old > openSUSE Leap 42.3 Incidents  url: https://openqa.opensuse.org/group_overview/48
ParseJobs:  O3 > Job Groups > old > openSUSE Leap 42.3 Incidents > Build:9576:MozillaThunderbird.1549437167  url: https://openqa.opensuse.org/tests/overview?distri=opensuse&version=42.3&build=%3A9576%3AMozillaThunderbird.1549437167&groupid=48
ParseBuilds:  O3 > Job Groups > old > openSUSE Leap 42.3  url: https://openqa.opensuse.org/group_overview/28
ParseJobs:  O3 > Job Groups > old > openSUSE Leap 42.3 > Build0331  url: https://openqa.opensuse.org/tests/overview?distri=opensuse&version=42.3&build=0331&groupid=28
ParseBuilds:  O3 > Job Groups > old > openSUSE Leap 42.3 Updates  url: https://openqa.opensuse.org/group_overview/49
ParseJobs:  O3 > Job Groups > old > openSUSE Leap 42.3 Updates > Build20190814-5  url: https://openqa.opensuse.org/tests/overview?distri=opensuse&version=42.3&build=20190814-5&groupid=49
ParseBuilds:  O3 > Job Groups > old > openSUSE Leap 42.3 PowerPC  url: https://openqa.opensuse.org/group_overview/30
ParseJobs:  O3 > Job Groups > old > openSUSE Leap 42.3 PowerPC > Build0130  url: https://openqa.opensuse.org/tests/overview?distri=opensuse&version=42.3&build=0130&groupid=30
ParseBuilds:  O3 > Job Groups > old > openSUSE Leap 42.3 JeOS  url: https://openqa.opensuse.org/group_overview/36
ParseJobs:  O3 > Job Groups > old > openSUSE Leap 42.3 JeOS > Build11.118  url: https://openqa.opensuse.org/tests/overview?distri=opensuse&version=42.3&build=11.118&groupid=36
ParseBuilds:  O3 > Job Groups > old > openSUSE Leap 42.2  url: https://openqa.opensuse.org/group_overview/19
ParseJobs:  O3 > Job Groups > old > openSUSE Leap 42.2 > Build0283  url: https://openqa.opensuse.org/tests/overview?distri=opensuse&version=42.2&build=0283&groupid=19
ParseBuilds:  O3 > Job Groups > old > openSUSE Leap 42.2 Updates  url: https://openqa.opensuse.org/group_overview/26
ParseJobs:  O3 > Job Groups > old > openSUSE Leap 42.2 Updates > Build20180206-1  url: https://openqa.opensuse.org/tests/overview?distri=opensuse&version=42.2&build=20180206-1&groupid=26
ParseBuilds:  O3 > Job Groups > old > openSUSE Leap 42.2 Maintenance  url: https://openqa.opensuse.org/group_overview/27
ParseJobs:  O3 > Job Groups > old > openSUSE Leap 42.2 Maintenance > Build:544991.gimp.7514  url: https://openqa.opensuse.org/tests/overview?distri=opensuse&version=42.2&build=%3A544991.gimp.7514&groupid=27
ParseBuilds:  O3 > Job Groups > old > openSUSE Leap 42.1  url: https://openqa.opensuse.org/group_overview/7
ParseJobs:  O3 > Job Groups > old > openSUSE Leap 42.1 > Build0265  url: https://openqa.opensuse.org/tests/overview?distri=opensuse&version=42.1&build=0265&groupid=7
ParseBuilds:  O3 > Job Groups > old > SLES 12 SP3 PowerPC  url: https://openqa.opensuse.org/group_overview/86
ParseBuilds:  O3 > Job Groups > old > SLES 15 PowerPC  url: https://openqa.opensuse.org/group_overview/87
ParseBuilds:  O3 > Job Groups > old > openQA  url: https://openqa.opensuse.org/group_overview/24
ParseJobs:  O3 > Job Groups > old > openQA > Build:TW.35158  url: https://openqa.opensuse.org/tests/overview?distri=openqa&version=Tumbleweed&build=%3ATW.35158&groupid=24
Parsed job: https://openqa.opensuse.org/tests/4895319 | with path: O3 > Job Groups > old > openQA > Build:TW.35158 > openqa_from_bootstrap > x86_64
Machine:  64bit-2G
YAML_SCHEDULE:  
Schedule:  
Failed Modules: 
-----------------------------------
Parsed job: https://openqa.opensuse.org/tests/4895320 | with path: O3 > Job Groups > old > openQA > Build:TW.35158 > openqa_from_containers > x86_64
Machine:  64bit-2G
YAML_SCHEDULE:  
Schedule:  
Failed Modules: 
-----------------------------------
Parsed job: https://openqa.opensuse.org/tests/4895321 | with path: O3 > Job Groups > old > openQA > Build:TW.35158 > openqa_from_git > x86_64
Machine:  64bit-2G
YAML_SCHEDULE:  
Schedule:  
Failed Modules: 
-----------------------------------
Parsed job: https://openqa.opensuse.org/tests/4895322 | with path: O3 > Job Groups > old > openQA > Build:TW.35158 > openqa_install+publish > x86_64
Machine:  64bit-2G
YAML_SCHEDULE:  
Schedule:  
Failed Modules: 
-----------------------------------
Parsed job: https://openqa.opensuse.org/tests/4895323 | with path: O3 > Job Groups > old > openQA > Build:TW.35158 > openqa_install_multimachine@64bit-4G > x86_64
Machine:  64bit-4G
YAML_SCHEDULE:  
Schedule:  
Failed Modules: 
-----------------------------------
Parsed job: https://openqa.opensuse.org/tests/4895324 | with path: O3 > Job Groups > old > openQA > Build:TW.35158 > openqa_install_nginx > x86_64
Machine:  64bit-2G
YAML_SCHEDULE:  
Schedule:  
Failed Modules: 
-----------------------------------
Scraping O3 took 9m58.732525673s
